1,FiveOClockBot,9.0007,RandomBot,6.0012,ArsenalBot,8.9981
2,BrattyKidBot,6.1903,RandomBot,11.6266,FiveOClockBot,6.1831
3,ChampBot,7.8234,RandomBot,8.3121,FiveOClockBot,7.8645
4,ChampBot2,7.6507,RandomBot,8.7139,FiveOClockBot,7.6354
5,CoordinateBot,8.9029,RandomBot,6.2354,FiveOClockBot,8.8617
6,DickinsonBaldiniBot,8.6782,RandomBot,6.5916,FiveOClockBot,8.7302
7,EABot,8.992,RandomBot,6.0,FiveOClockBot,9.008
8,EASquared,8.7678,RandomBot,6.5399,FiveOClockBot,8.6923
9,FiveOClockBot,8.3919,RandomBot,7.2,EASquaredBeater,8.4081
10,RandomBot,6.0009,FollowerBot,9.0207,FiveOClockBot,8.9784
11,FunBot,8.288,RandomBot,7.3252,FiveOClockBot,8.3868
12,JoseZiBot2,8.1652,RandomBot,7.6211,FiveOClockBot,8.2137
13,JoseZiBotDef,8.0569,RandomBot,7.8421,FiveOClockBot,8.101
14,RollAgent,7.974,RandomBot,7.9889,FiveOClockBot,8.0371
15,SpongeBot,8.9868,RandomBot,6.0,FiveOClockBot,9.0132
16,SquidBot,8.9999,RandomBot,6.0,FiveOClockBot,9.0001
17,StickBot,8.2249,RandomBot,7.5087,FiveOClockBot,8.2664
18,StickySmartBot,8.415,RandomBot,7.1438,FiveOClockBot,8.4412
19,Strategist,8.9956,RandomBot,6.0,FiveOClockBot,9.0044
20,VeryRandomBot,7.9917,RandomBot,7.989,FiveOClockBot,8.0193
21,BrattyKidBot,6.0005,FiveOClockBot,6.0083,ArsenalBot,11.9912
22,ChampBot,6.0005,FiveOClockBot,8.8341,ArsenalBot,9.1654
23,ChampBot2,6.0,FiveOClockBot,9.1692,ArsenalBot,8.8308
24,CoordinateBot,6.0005,FiveOClockBot,10.9995,ArsenalBot,7.0
25,DickinsonBaldiniBot,6.0005,FiveOClockBot,9.9999,ArsenalBot,7.9996
26,FiveOClockBot,8.0003,EABot,6.0005,ArsenalBot,9.9992
27,FiveOClockBot,6.002,EASquared,6.0005,ArsenalBot,11.9975
28,EASquaredBeater,6.0005,FiveOClockBot,10.0,ArsenalBot,7.9995
29,FiveOClockBot,11.9999,FollowerBot,6.0,ArsenalBot,6.0001
30,FunBot,6.0005,FiveOClockBot,10.0003,ArsenalBot,7.9992
31,FiveOClockBot,9.1195,JoseZiBot2,6.0005,ArsenalBot,8.88
32,JoseZiBotDef,6.0005,FiveOClockBot,8.9197,ArsenalBot,9.0798
33,RollAgent,6.0,FiveOClockBot,10.9996,ArsenalBot,7.0004
34,SpongeBot,6.0,FiveOClockBot,12.0,ArsenalBot,6.0
35,SquidBot,6.0,FiveOClockBot,12.0,ArsenalBot,6.0
36,FiveOClockBot,8.8248,StickBot,6.0005,ArsenalBot,9.1747
37,FiveOClockBot,9.0004,StickySmartBot,6.0,ArsenalBot,8.9996
38,FiveOClockBot,11.9995,Strategist,6.0005,ArsenalBot,6.0
39,FiveOClockBot,8.9978,VeryRandomBot,6.0005,ArsenalBot,9.0017
40,ChampBot,10.999,BrattyKidBot,6.5062,FiveOClockBot,6.4948
41,BrattyKidBot,6.9333,ChampBot2,10.1306,FiveOClockBot,6.9361
42,CoordinateBot,8.0,BrattyKidBot,9.9975,FiveOClockBot,6.0025
43,BrattyKidBot,6.0,DickinsonBaldiniBot,6.0078,FiveOClockBot,11.9922
44,BrattyKidBot,11.0,EABot,4.0,FiveOClockBot,9.0
45,BrattyKidBot,9.9975,EASquared,8.0,FiveOClockBot,6.0025
46,BrattyKidBot,10.9982,FiveOClockBot,5.0018,EASquaredBeater,8.0
47,BrattyKidBot,10.0001,FollowerBot,8.0,FiveOClockBot,5.9999
48,FunBot,6.3806,BrattyKidBot,8.0,FiveOClockBot,9.6194
49,BrattyKidBot,9.96,JoseZiBot2,6.4,FiveOClockBot,7.64
50,BrattyKidBot,5.4,JoseZiBotDef,7.68,FiveOClockBot,10.92
51,BrattyKidBot,5.0006,RollAgent,8.0,FiveOClockBot,10.9994
52,SpongeBot,6.008,BrattyKidBot,6.0005,FiveOClockBot,11.9915
53,BrattyKidBot,6.0005,SquidBot,6.008,FiveOClockBot,11.9915
54,BrattyKidBot,9.0,StickBot,8.0,FiveOClockBot,7.0
55,BrattyKidBot,8.9955,StickySmartBot,6.008,FiveOClockBot,8.9965
56,BrattyKidBot,6.0,Strategist,6.0078,FiveOClockBot,11.9922
57,BrattyKidBot,7.7546,VeryRandomBot,8.5416,FiveOClockBot,7.7038
58,ChampBot,8.3917,ChampBot2,7.8436,FiveOClockBot,7.7647
59,ChampBot,6.4548,CoordinateBot,9.0096,FiveOClockBot,8.5356
60,ChampBot,6.0,DickinsonBaldiniBot,9.1173,FiveOClockBot,8.8827
61,ChampBot,6.3757,EABot,9.1566,FiveOClockBot,8.4677
62,ChampBot,6.7586,EASquared,8.7171,FiveOClockBot,8.5243
63,ChampBot,6.7523,FiveOClockBot,8.0943,EASquaredBeater,9.1534
64,ChampBot,6.0008,FollowerBot,9.1135,FiveOClockBot,8.8857
65,ChampBot,7.1408,FunBot,8.4016,FiveOClockBot,8.4576
66,ChampBot,6.6109,JoseZiBot2,8.9269,FiveOClockBot,8.4622
67,ChampBot,7.1301,JoseZiBotDef,8.4105,FiveOClockBot,8.4594
68,ChampBot,7.9924,RollAgent,8.3226,FiveOClockBot,7.685
69,ChampBot,6.0005,SpongeBot,9.1314,FiveOClockBot,8.8681
70,ChampBot,6.0005,SquidBot,9.1295,FiveOClockBot,8.87
71,ChampBot,6.3666,StickBot,9.154,FiveOClockBot,8.4794
72,ChampBot,7.1894,StickySmartBot,8.605,FiveOClockBot,8.2056
73,ChampBot,6.0,Strategist,9.1278,FiveOClockBot,8.8722
74,ChampBot,7.8762,VeryRandomBot,8.2758,FiveOClockBot,7.848
75,CoordinateBot,8.5926,ChampBot2,6.8288,FiveOClockBot,8.5786
76,DickinsonBaldiniBot,7.4984,ChampBot2,7.5062,FiveOClockBot,8.9954
77,ChampBot2,8.639,EABot,6.5282,FiveOClockBot,8.8328
78,ChampBot2,7.1183,EASquared,8.493,FiveOClockBot,8.3887
79,ChampBot2,8.6741,FiveOClockBot,8.5098,EASquaredBeater,6.8161
80,ChampBot2,6.0001,FollowerBot,9.141,FiveOClockBot,8.8589
81,FunBot,8.1227,ChampBot2,7.0772,FiveOClockBot,8.8001
82,ChampBot2,6.8425,JoseZiBot2,8.3122,FiveOClockBot,8.8453
83,JoseZiBotDef,8.0847,ChampBot2,7.0426,FiveOClockBot,8.8727
84,RollAgent,7.7484,ChampBot2,7.7338,FiveOClockBot,8.5178
85,SpongeBot,9.1361,ChampBot2,6.0,FiveOClockBot,8.8639
86,SquidBot,9.1463,ChampBot2,6.0,FiveOClockBot,8.8537
87,ChampBot2,6.5269,StickBot,8.6341,FiveOClockBot,8.839
88,ChampBot2,7.3096,StickySmartBot,8.3316,FiveOClockBot,8.3588
89,ChampBot2,6.0,Strategist,9.1193,FiveOClockBot,8.8807
90,ChampBot2,7.9986,VeryRandomBot,8.0034,FiveOClockBot,7.998
91,CoordinateBot,9.0,DickinsonBaldiniBot,7.0,FiveOClockBot,8.0
92,CoordinateBot,9.0,EABot,7.0,FiveOClockBot,8.0
93,CoordinateBot,11.9964,EASquared,6.0,FiveOClockBot,6.0036
94,CoordinateBot,7.9987,FiveOClockBot,10.0013,EASquaredBeater,6.0
95,CoordinateBot,11.0,FollowerBot,7.0,FiveOClockBot,6.0
96,CoordinateBot,8.0,FunBot,6.0313,FiveOClockBot,9.9687
97,CoordinateBot,9.8,JoseZiBot2,5.9203,FiveOClockBot,8.2797
98,CoordinateBot,9.44,JoseZiBotDef,6.0005,FiveOClockBot,8.5595
99,CoordinateBot,7.0019,RollAgent,6.0024,FiveOClockBot,10.9957
100,CoordinateBot,11.9057,SpongeBot,6.048,FiveOClockBot,6.0463
101,CoordinateBot,6.0005,SquidBot,7.0319,FiveOClockBot,10.9676
102,CoordinateBot,9.1749,StickBot,6.0005,FiveOClockBot,8.8246
103,CoordinateBot,8.9997,StickySmartBot,6.0005,FiveOClockBot,8.9998
104,CoordinateBot,6.0,Strategist,7.0,FiveOClockBot,11.0
105,CoordinateBot,8.9852,VeryRandomBot,6.0001,FiveOClockBot,9.0147
106,DickinsonBaldiniBot,8.0,EABot,10.0,FiveOClockBot,6.0
107,DickinsonBaldiniBot,6.0003,EASquared,9.9998,FiveOClockBot,7.9999
108,DickinsonBaldiniBot,7.9994,FiveOClockBot,9.0002,EASquaredBeater,7.0004
109,DickinsonBaldiniBot,6.0005,FollowerBot,9.9988,FiveOClockBot,8.0007
110,FunBot,8.0,DickinsonBaldiniBot,8.0,FiveOClockBot,8.0
111,DickinsonBaldiniBot,8.0,JoseZiBot2,10.0,FiveOClockBot,6.0
112,JoseZiBotDef,11.0,DickinsonBaldiniBot,8.0,FiveOClockBot,5.0
113,RollAgent,6.9998,DickinsonBaldiniBot,6.0006,FiveOClockBot,10.9996
114,SpongeBot,6.02,DickinsonBaldiniBot,11.9405,FiveOClockBot,6.0395
115,SquidBot,7.0,DickinsonBaldiniBot,6.0005,FiveOClockBot,10.9995
116,DickinsonBaldiniBot,9.1832,StickBot,6.0006,FiveOClockBot,8.8162
117,DickinsonBaldiniBot,8.9999,StickySmartBot,6.0006,FiveOClockBot,8.9995
118,DickinsonBaldiniBot,6.0,Strategist,8.0,FiveOClockBot,10.0
119,DickinsonBaldiniBot,8.698,VeryRandomBot,6.5869,FiveOClockBot,8.7151
120,EASquared,7.0005,EABot,6.002,FiveOClockBot,10.9975
121,FiveOClockBot,8.0003,EABot,7.9997,EASquaredBeater,8.0
122,EABot,11.0,FollowerBot,6.9998,FiveOClockBot,6.0002
123,FunBot,11.0,EABot,4.0,FiveOClockBot,9.0
124,JoseZiBot2,5.8,EABot,9.0,FiveOClockBot,9.2
125,JoseZiBotDef,10.0,EABot,8.0,FiveOClockBot,6.0
126,RollAgent,8.0,EABot,5.0006,FiveOClockBot,10.9994
127,SpongeBot,6.0196,EABot,11.9405,FiveOClockBot,6.0399
128,SquidBot,10.9995,EABot,6.0,FiveOClockBot,7.0005
129,StickBot,10.9835,EABot,10.9808,FiveOClockBot,2.0357
130,EABot,8.0001,StickySmartBot,7.9996,FiveOClockBot,8.0003
131,Strategist,10.0,EABot,6.0,FiveOClockBot,8.0
132,EABot,8.6672,VeryRandomBot,6.6748,FiveOClockBot,8.658
133,FiveOClockBot,10.0013,EASquared,7.9987,EASquaredBeater,6.0
134,EASquared,11.0,FollowerBot,7.0,FiveOClockBot,6.0
135,FunBot,6.0101,EASquared,8.0,FiveOClockBot,9.9899
136,JoseZiBot2,6.0005,EASquared,9.4,FiveOClockBot,8.5995
137,JoseZiBotDef,6.0005,EASquared,8.52,FiveOClockBot,9.4795
138,RollAgent,6.0005,EASquared,6.9999,FiveOClockBot,10.9996
139,SpongeBot,6.0005,EASquared,6.0005,FiveOClockBot,11.999
140,SquidBot,6.0005,EASquared,6.0005,FiveOClockBot,11.999
141,StickBot,6.0033,EASquared,9.1836,FiveOClockBot,8.8131
142,EASquared,8.9997,StickySmartBot,6.0005,FiveOClockBot,8.9998
143,Strategist,6.0005,EASquared,6.0,FiveOClockBot,11.9995
144,EASquared,8.992,VeryRandomBot,6.0002,FiveOClockBot,9.0078
145,FiveOClockBot,5.9999,FollowerBot,7.9997,EASquaredBeater,10.0004
146,FunBot,7.9997,FiveOClockBot,8.0003,EASquaredBeater,8.0
147,FiveOClockBot,5.0018,JoseZiBot2,10.9982,EASquaredBeater,8.0
148,JoseZiBotDef,7.9997,FiveOClockBot,5.0003,EASquaredBeater,11.0
149,RollAgent,7.7498,FiveOClockBot,7.2509,EASquaredBeater,8.9993
150,SpongeBot,6.0197,FiveOClockBot,6.0398,EASquaredBeater,11.9405
151,SquidBot,7.9997,FiveOClockBot,9.9998,EASquaredBeater,6.0005
152,FiveOClockBot,9.0003,StickBot,7.9997,EASquaredBeater,7.0
153,FiveOClockBot,9.9993,StickySmartBot,7.9997,EASquaredBeater,6.001
154,FiveOClockBot,10.0003,Strategist,7.9997,EASquaredBeater,6.0
155,FiveOClockBot,8.3701,VeryRandomBot,7.237,EASquaredBeater,8.3929
156,FunBot,6.0005,FollowerBot,7.9992,FiveOClockBot,10.0003
157,JoseZiBot2,6.0005,FollowerBot,8.84,FiveOClockBot,9.1595
158,JoseZiBotDef,6.0,FollowerBot,9.48,FiveOClockBot,8.52
159,RollAgent,6.0,FollowerBot,7.0004,FiveOClockBot,10.9996
160,SpongeBot,6.0,FollowerBot,6.0,FiveOClockBot,12.0
161,SquidBot,6.0,FollowerBot,6.0,FiveOClockBot,12.0
162,StickBot,6.0005,FollowerBot,9.1828,FiveOClockBot,8.8167
163,StickySmartBot,6.0005,FollowerBot,8.9995,FiveOClockBot,9.0
164,Strategist,6.0005,FollowerBot,6.0,FiveOClockBot,11.9995
165,VeryRandomBot,6.0005,FollowerBot,8.9736,FiveOClockBot,9.0259
166,FunBot,11.0,JoseZiBot2,8.5,FiveOClockBot,4.5
167,FunBot,11.08,JoseZiBotDef,7.84,FiveOClockBot,5.08
168,FunBot,8.0131,RollAgent,5.0394,FiveOClockBot,10.9475
169,FunBot,6.0005,SpongeBot,10.9992,FiveOClockBot,7.0003
170,FunBot,6.0005,SquidBot,10.9992,FiveOClockBot,7.0003
171,FunBot,9.0,StickBot,9.5,FiveOClockBot,5.5
172,FunBot,6.5002,StickySmartBot,10.9988,FiveOClockBot,6.501
173,FunBot,6.0,Strategist,11.0,FiveOClockBot,7.0
174,FunBot,8.2936,VeryRandomBot,7.4387,FiveOClockBot,8.2677
175,JoseZiBotDef,7.0,JoseZiBot2,9.2,FiveOClockBot,7.8
176,RollAgent,5.6806,JoseZiBot2,8.1206,FiveOClockBot,10.1988
177,SpongeBot,7.0,JoseZiBot2,10.9505,FiveOClockBot,6.0495
178,SquidBot,8.68,JoseZiBot2,6.0005,FiveOClockBot,9.3195
179,JoseZiBot2,9.0092,StickBot,6.5444,FiveOClockBot,8.4464
180,JoseZiBot2,7.7007,StickySmartBot,8.0396,FiveOClockBot,8.2597
181,JoseZiBot2,6.0,Strategist,9.2,FiveOClockBot,8.8
182,JoseZiBot2,8.0704,VeryRandomBot,7.8842,FiveOClockBot,8.0454
183,RollAgent,5.2804,JoseZiBotDef,7.7208,FiveOClockBot,10.9988
184,SpongeBot,6.4827,JoseZiBotDef,11.0351,FiveOClockBot,6.4822
185,SquidBot,8.7194,JoseZiBotDef,6.0005,FiveOClockBot,9.2801
186,JoseZiBotDef,6.0,StickBot,9.2,FiveOClockBot,8.8
187,JoseZiBotDef,7.1803,StickySmartBot,9.0,FiveOClockBot,7.8197
188,JoseZiBotDef,6.0,Strategist,7.56,FiveOClockBot,10.44
189,JoseZiBotDef,8.6297,VeryRandomBot,6.7776,FiveOClockBot,8.5927
190,SpongeBot,7.1556,RollAgent,8.9952,FiveOClockBot,7.8492
191,RollAgent,6.0,SquidBot,7.0004,FiveOClockBot,10.9996
192,RollAgent,6.0,StickBot,11.9994,FiveOClockBot,6.0006
193,RollAgent,7.667,StickySmartBot,8.0003,FiveOClockBot,8.3327
194,RollAgent,6.0,Strategist,7.0004,FiveOClockBot,10.9996
195,RollAgent,8.0205,VeryRandomBot,7.9857,FiveOClockBot,7.9938
196,SpongeBot,6.0,SquidBot,11.9989,FiveOClockBot,6.0011
197,SpongeBot,7.0,StickBot,11.0,FiveOClockBot,6.0
198,SpongeBot,5.9996,StickySmartBot,11.9947,FiveOClockBot,6.0057
199,SpongeBot,6.0,Strategist,11.9999,FiveOClockBot,6.0001
200,SpongeBot,8.0052,VeryRandomBot,8.0383,FiveOClockBot,7.9565
201,SquidBot,8.9994,StickBot,9.0002,FiveOClockBot,6.0004
202,SquidBot,5.9997,StickySmartBot,11.4998,FiveOClockBot,6.5005
203,SquidBot,6.0,Strategist,11.9999,FiveOClockBot,6.0001
204,SquidBot,8.0132,VeryRandomBot,8.0039,FiveOClockBot,7.9829
205,StickBot,8.4999,StickySmartBot,7.0,FiveOClockBot,8.5001
206,StickBot,6.0,Strategist,9.1904,FiveOClockBot,8.8096
207,StickBot,8.8869,VeryRandomBot,6.2006,FiveOClockBot,8.9125
208,Strategist,9.0003,StickySmartBot,6.0,FiveOClockBot,8.9997
209,VeryRandomBot,7.1529,StickySmartBot,8.4278,FiveOClockBot,8.4193
210,Strategist,8.9995,VeryRandomBot,6.0,FiveOClockBot,9.0005
211,BrattyKidBot,8.367,RandomBot,7.3249,ArsenalBot,8.3081
212,ChampBot,8.0428,RandomBot,7.9491,ArsenalBot,8.0081
213,ChampBot2,7.5428,RandomBot,8.8831,ArsenalBot,7.5741
214,CoordinateBot,9.0187,RandomBot,6.0004,ArsenalBot,8.9809
215,DickinsonBaldiniBot,7.4342,RandomBot,9.1119,ArsenalBot,7.4539
216,EABot,8.9877,RandomBot,6.0,ArsenalBot,9.0123
217,EASquared,9.0155,RandomBot,6.0008,ArsenalBot,8.9837
218,EASquaredBeater,8.9811,RandomBot,6.0007,ArsenalBot,9.0182
219,RandomBot,8.4764,FollowerBot,7.7925,ArsenalBot,7.7311
220,FunBot,7.9802,RandomBot,8.0141,ArsenalBot,8.0057
221,JoseZiBot2,8.9991,RandomBot,6.0006,ArsenalBot,9.0003
222,JoseZiBotDef,8.9754,RandomBot,6.001,ArsenalBot,9.0236
223,RollAgent,7.9612,RandomBot,7.9864,ArsenalBot,8.0524
224,SpongeBot,6.2337,RandomBot,11.5368,ArsenalBot,6.2295
225,SquidBot,6.1691,RandomBot,11.6619,ArsenalBot,6.169
226,StickBot,8.9897,RandomBot,5.9996,ArsenalBot,9.0107
227,StickySmartBot,7.35,RandomBot,9.3566,ArsenalBot,7.2934
228,Strategist,9.005,RandomBot,6.0,ArsenalBot,8.995
229,VeryRandomBot,8.041,RandomBot,8.0151,ArsenalBot,7.9439
230,ChampBot,8.1877,BrattyKidBot,8.1968,RandomBot,7.6155
231,BrattyKidBot,8.014,ChampBot2,7.9867,RandomBot,7.9993
232,CoordinateBot,8.9862,BrattyKidBot,9.0118,RandomBot,6.002
233,BrattyKidBot,8.8807,DickinsonBaldiniBot,8.8836,RandomBot,6.2357
234,BrattyKidBot,6.196,EABot,6.1997,RandomBot,11.6043
235,BrattyKidBot,9.0009,EASquared,8.9966,RandomBot,6.0025
236,BrattyKidBot,8.9208,RandomBot,6.1766,EASquaredBeater,8.9026
237,BrattyKidBot,9.0231,RandomBot,6.0007,FollowerBot,8.9762
238,FunBot,9.0132,BrattyKidBot,8.9844,RandomBot,6.0024
239,BrattyKidBot,8.758,JoseZiBot2,8.7972,RandomBot,6.4448
240,BrattyKidBot,8.6611,JoseZiBotDef,8.6569,RandomBot,6.682
241,BrattyKidBot,8.0287,RandomBot,8.0001,RollAgent,7.9712
242,SpongeBot,7.7882,BrattyKidBot,7.735,RandomBot,8.4768
243,BrattyKidBot,8.0587,RandomBot,7.9785,SquidBot,7.9628
244,BrattyKidBot,7.7684,RandomBot,8.4188,StickBot,7.8128
245,BrattyKidBot,8.292,RandomBot,7.3561,StickySmartBot,8.3519
246,BrattyKidBot,6.2409,Strategist,6.2319,RandomBot,11.5272
247,BrattyKidBot,8.0155,RandomBot,8.0216,VeryRandomBot,7.9629
248,ChampBot,8.0054,ChampBot2,7.9856,RandomBot,8.009
249,ChampBot,8.0086,CoordinateBot,7.983,RandomBot,8.0084
250,ChampBot,8.0117,DickinsonBaldiniBot,8.0527,RandomBot,7.9356
251,ChampBot,7.8014,EABot,7.8051,RandomBot,8.3935
252,ChampBot,7.9909,EASquared,8.0163,RandomBot,7.9928
253,ChampBot,8.1942,RandomBot,7.6536,EASquaredBeater,8.1522
254,ChampBot,8.0157,RandomBot,7.9831,FollowerBot,8.0012
255,ChampBot,7.9523,FunBot,7.9423,RandomBot,8.1054
256,ChampBot,8.0237,JoseZiBot2,7.9958,RandomBot,7.9805
257,ChampBot,7.9178,JoseZiBotDef,8.0012,RandomBot,8.081
258,ChampBot,7.9911,RollAgent,8.0113,RandomBot,7.9976
259,ChampBot,8.009,SpongeBot,7.9953,RandomBot,7.9957
260,ChampBot,7.9727,SquidBot,8.0125,RandomBot,8.0148
261,ChampBot,7.8708,RandomBot,8.2703,StickBot,7.8589
262,ChampBot,7.9849,RandomBot,7.9703,StickySmartBot,8.0448
263,ChampBot,7.9948,Strategist,8.0006,RandomBot,8.0046
264,ChampBot,7.9846,RandomBot,8.0669,VeryRandomBot,7.9485
265,CoordinateBot,7.7542,ChampBot2,7.7613,RandomBot,8.4845
266,DickinsonBaldiniBot,7.6,ChampBot2,7.5904,RandomBot,8.8096
267,ChampBot2,7.6261,EABot,7.6249,RandomBot,8.749
268,ChampBot2,7.6465,EASquared,7.7048,RandomBot,8.6487
269,ChampBot2,7.8583,RandomBot,8.2386,EASquaredBeater,7.9031
270,ChampBot2,7.5632,RandomBot,8.8586,FollowerBot,7.5782
271,FunBot,7.6859,ChampBot2,7.6734,RandomBot,8.6407
272,ChampBot2,7.6362,JoseZiBot2,7.6787,RandomBot,8.6851
273,JoseZiBotDef,7.6631,ChampBot2,7.6585,RandomBot,8.6784
274,RollAgent,7.9548,ChampBot2,8.0426,RandomBot,8.0026
275,SpongeBot,7.9854,ChampBot2,8.0131,RandomBot,8.0015
276,SquidBot,7.9844,ChampBot2,8.0093,RandomBot,8.0063
277,ChampBot2,7.6536,RandomBot,8.7097,StickBot,7.6367
278,ChampBot2,7.786,RandomBot,8.3784,StickySmartBot,7.8356
279,ChampBot2,7.6637,Strategist,7.6654,RandomBot,8.6709
280,ChampBot2,7.9758,RandomBot,8.0283,VeryRandomBot,7.9959
281,CoordinateBot,8.7421,DickinsonBaldiniBot,8.7072,RandomBot,6.5507
282,CoordinateBot,8.8532,EABot,8.8736,RandomBot,6.2732
283,CoordinateBot,8.8836,EASquared,8.8634,RandomBot,6.253
284,CoordinateBot,8.88,RandomBot,6.2282,EASquaredBeater,8.8918
285,CoordinateBot,8.9437,RandomBot,6.1148,FollowerBot,8.9415
286,CoordinateBot,8.8214,FunBot,8.8395,RandomBot,6.3391
287,CoordinateBot,8.8707,JoseZiBot2,8.8758,RandomBot,6.2535
288,CoordinateBot,8.8235,JoseZiBotDef,8.9009,RandomBot,6.2756
289,CoordinateBot,8.0531,RollAgent,7.9901,RandomBot,7.9568
290,CoordinateBot,8.5443,SpongeBot,8.4881,RandomBot,6.9676
291,CoordinateBot,8.9896,SquidBot,9.0094,RandomBot,6.001
292,CoordinateBot,8.8489,RandomBot,6.2517,StickBot,8.8994
293,CoordinateBot,8.4474,RandomBot,7.153,StickySmartBot,8.3996
294,CoordinateBot,8.8688,Strategist,8.8713,RandomBot,6.2599
295,CoordinateBot,7.9706,RandomBot,8.0127,VeryRandomBot,8.0167
296,DickinsonBaldiniBot,8.7137,EABot,8.722,RandomBot,6.5643
297,DickinsonBaldiniBot,9.0063,EASquared,8.9932,RandomBot,6.0005
298,DickinsonBaldiniBot,8.352,RandomBot,7.2943,EASquaredBeater,8.3537
299,DickinsonBaldiniBot,9.0127,RandomBot,6.006,FollowerBot,8.9813
300,FunBot,8.2559,DickinsonBaldiniBot,8.2168,RandomBot,7.5273
301,DickinsonBaldiniBot,8.3708,JoseZiBot2,8.3592,RandomBot,7.27
302,JoseZiBotDef,8.2632,DickinsonBaldiniBot,8.2218,RandomBot,7.515
303,RollAgent,7.9934,DickinsonBaldiniBot,8.0223,RandomBot,7.9843
304,SpongeBot,7.4611,DickinsonBaldiniBot,7.4216,RandomBot,9.1173
305,SquidBot,7.4091,DickinsonBaldiniBot,7.4252,RandomBot,9.1657
306,DickinsonBaldiniBot,8.729,RandomBot,6.5528,StickBot,8.7182
307,DickinsonBaldiniBot,6.7787,RandomBot,10.3972,StickySmartBot,6.8241
308,DickinsonBaldiniBot,8.3505,Strategist,8.3703,RandomBot,7.2792
309,DickinsonBaldiniBot,8.0249,RandomBot,7.974,VeryRandomBot,8.0011
310,EASquared,8.9887,EABot,9.0078,RandomBot,6.0035
311,EABot,8.3851,RandomBot,7.2676,EASquaredBeater,8.3473
312,EABot,8.9902,RandomBot,6.0,FollowerBot,9.0098
313,FunBot,7.3178,EABot,7.3018,RandomBot,9.3804
314,JoseZiBot2,8.4666,EABot,8.4692,RandomBot,7.0642
315,JoseZiBotDef,8.3877,EABot,8.4098,RandomBot,7.2025
316,RollAgent,7.9892,EABot,8.0207,RandomBot,7.9901
317,SpongeBot,7.9858,EABot,7.9802,RandomBot,8.034
318,SquidBot,8.0228,EABot,7.9944,RandomBot,7.9828
319,EABot,7.6855,RandomBot,8.6468,StickBot,7.6677
320,EABot,8.3966,RandomBot,7.1901,StickySmartBot,8.4133
321,Strategist,8.984,EABot,9.016,RandomBot,6.0
322,EABot,7.9732,RandomBot,8.0167,VeryRandomBot,8.0101
323,EASquared,8.5913,RandomBot,6.776,EASquaredBeater,8.6327
324,EASquared,8.8463,RandomBot,6.2834,FollowerBot,8.8703
325,FunBot,8.734,EASquared,8.7282,RandomBot,6.5378
326,JoseZiBot2,8.719,EASquared,8.7241,RandomBot,6.5569
327,JoseZiBotDef,8.698,EASquared,8.7568,RandomBot,6.5452
328,RollAgent,8.1072,EASquared,8.0306,RandomBot,7.8622
329,SpongeBot,8.2379,EASquared,8.153,RandomBot,7.6091
330,SquidBot,9.0365,EASquared,8.9633,RandomBot,6.0002
331,EASquared,8.7526,RandomBot,6.5341,StickBot,8.7133
332,EASquared,8.4717,RandomBot,7.0095,StickySmartBot,8.5188
333,Strategist,8.7259,EASquared,8.7191,RandomBot,6.555
334,EASquared,8.0065,RandomBot,8.0277,VeryRandomBot,7.9658
335,RandomBot,5.9999,FollowerBot,8.9736,EASquaredBeater,9.0265
336,FunBot,7.9733,RandomBot,8.0733,EASquaredBeater,7.9534
337,JoseZiBot2,8.8697,RandomBot,6.2891,EASquaredBeater,8.8412
338,JoseZiBotDef,8.6375,RandomBot,6.7477,EASquaredBeater,8.6148
339,RollAgent,7.9645,RandomBot,8.0239,EASquaredBeater,8.0116
340,SpongeBot,7.9379,RandomBot,8.1398,EASquaredBeater,7.9223
341,SquidBot,7.8565,RandomBot,8.2744,EASquaredBeater,7.8691
342,StickBot,8.7262,RandomBot,6.5534,EASquaredBeater,8.7204
343,StickySmartBot,8.1037,RandomBot,7.7638,EASquaredBeater,8.1325
344,Strategist,8.0875,RandomBot,7.9556,EASquaredBeater,7.9569
345,VeryRandomBot,7.9665,RandomBot,7.9792,EASquaredBeater,8.0543
346,FunBot,8.9568,RandomBot,6.0337,FollowerBot,9.0095
347,JoseZiBot2,8.9988,RandomBot,6.0006,FollowerBot,9.0006
348,JoseZiBotDef,9.0075,RandomBot,6.0009,FollowerBot,8.9916
349,RollAgent,8.0109,RandomBot,7.9858,FollowerBot,8.0033
350,SpongeBot,8.254,RandomBot,7.4535,FollowerBot,8.2925
351,SquidBot,6.1698,RandomBot,11.6604,FollowerBot,6.1698
352,RandomBot,6.0,FollowerBot,8.99,StickBot,9.01
353,RandomBot,10.3628,FollowerBot,6.7935,StickySmartBot,6.8437
354,Strategist,8.9968,RandomBot,6.0009,FollowerBot,9.0023
355,RandomBot,7.9985,FollowerBot,7.9873,VeryRandomBot,8.0142
356,FunBot,8.9692,JoseZiBot2,8.9402,RandomBot,6.0906
357,FunBot,8.6197,JoseZiBotDef,8.6339,RandomBot,6.7464
358,FunBot,8.0113,RollAgent,8.0056,RandomBot,7.9831
359,FunBot,8.005,SpongeBot,7.9808,RandomBot,8.0142
360,FunBot,7.9931,SquidBot,8.035,RandomBot,7.9719
361,FunBot,8.6339,RandomBot,6.7527,StickBot,8.6134
362,FunBot,8.3422,RandomBot,7.3206,StickySmartBot,8.3372
363,FunBot,8.8383,Strategist,8.8305,RandomBot,6.3312
364,FunBot,8.0133,RandomBot,7.9922,VeryRandomBot,7.9945
365,JoseZiBotDef,8.9128,JoseZiBot2,8.9197,RandomBot,6.1675
366,RollAgent,7.9965,JoseZiBot2,7.9976,RandomBot,8.0059
367,SpongeBot,8.8029,JoseZiBot2,8.8581,RandomBot,6.339
368,SquidBot,7.9768,JoseZiBot2,7.995,RandomBot,8.0282
369,JoseZiBot2,8.2807,RandomBot,7.5006,StickBot,8.2187
370,JoseZiBot2,8.396,RandomBot,7.1957,StickySmartBot,8.4083
371,JoseZiBot2,7.9008,Strategist,7.9115,RandomBot,8.1877
372,JoseZiBot2,8.0343,RandomBot,7.9841,VeryRandomBot,7.9816
373,RollAgent,7.9697,JoseZiBotDef,8.0312,RandomBot,7.9991
374,SpongeBot,7.9541,JoseZiBotDef,7.9668,RandomBot,8.0791
375,SquidBot,8.0575,JoseZiBotDef,7.9837,RandomBot,7.9588
376,JoseZiBotDef,8.6021,RandomBot,6.6794,StickBot,8.7185
377,JoseZiBotDef,8.373,RandomBot,7.2855,StickySmartBot,8.3415
378,JoseZiBotDef,8.4761,Strategist,8.5439,RandomBot,6.98
379,JoseZiBotDef,8.0004,RandomBot,8.0133,VeryRandomBot,7.9863
380,SpongeBot,7.984,RollAgent,7.9749,RandomBot,8.0411
381,RollAgent,7.9666,RandomBot,8.0061,SquidBot,8.0273
382,RollAgent,7.9905,RandomBot,7.988,StickBot,8.0215
383,RollAgent,7.9563,RandomBot,8.1052,StickySmartBot,7.9385
384,RollAgent,7.9652,Strategist,8.0578,RandomBot,7.977
385,RollAgent,8.0677,RandomBot,7.9911,VeryRandomBot,7.9412
386,SpongeBot,8.0155,SquidBot,8.0435,RandomBot,7.941
387,SpongeBot,9.0049,RandomBot,6.0005,StickBot,8.9946
388,SpongeBot,8.6375,RandomBot,6.7399,StickySmartBot,8.6226
389,SpongeBot,7.7821,Strategist,7.7824,RandomBot,8.4355
390,SpongeBot,7.9723,RandomBot,8.0002,VeryRandomBot,8.0275
391,SquidBot,9.0231,RandomBot,6.0003,StickBot,8.9766
392,SquidBot,6.1748,RandomBot,11.6502,StickySmartBot,6.175
393,SquidBot,9.0058,Strategist,8.9941,RandomBot,6.0001
394,SquidBot,8.0231,RandomBot,8.0154,VeryRandomBot,7.9615
395,StickySmartBot,8.3437,RandomBot,7.3149,StickBot,8.3414
396,Strategist,9.006,RandomBot,6.0103,StickBot,8.9837
397,VeryRandomBot,8.0013,RandomBot,7.9975,StickBot,8.0012
398,Strategist,8.3414,RandomBot,7.2785,StickySmartBot,8.3801
399,VeryRandomBot,7.9928,RandomBot,8.0051,StickySmartBot,8.0021
400,Strategist,8.0023,RandomBot,8.0354,VeryRandomBot,7.9623
401,ChampBot,6.0007,BrattyKidBot,9.4204,ArsenalBot,8.5789
402,BrattyKidBot,7.9132,ChampBot2,8.1949,ArsenalBot,7.8919
403,CoordinateBot,9.5857,BrattyKidBot,6.2119,ArsenalBot,8.2024
404,BrattyKidBot,6.0019,DickinsonBaldiniBot,11.9897,ArsenalBot,6.0084
405,BrattyKidBot,6.0,EABot,6.0072,ArsenalBot,11.9928
406,BrattyKidBot,6.3528,EASquared,11.2929,ArsenalBot,6.3543
407,BrattyKidBot,6.0932,EASquaredBeater,6.0096,ArsenalBot,11.8972
408,BrattyKidBot,6.3705,FollowerBot,11.2609,ArsenalBot,6.3686
409,FunBot,6.0091,BrattyKidBot,6.0005,ArsenalBot,11.9904
410,BrattyKidBot,6.0048,JoseZiBot2,6.1012,ArsenalBot,11.894
411,BrattyKidBot,6.0041,JoseZiBotDef,6.0991,ArsenalBot,11.8968
412,BrattyKidBot,7.0009,RollAgent,6.0001,ArsenalBot,10.999
413,SpongeBot,6.015,BrattyKidBot,6.0131,ArsenalBot,11.9719
414,BrattyKidBot,6.0239,SquidBot,6.0294,ArsenalBot,11.9467
415,BrattyKidBot,6.045,StickBot,7.0062,ArsenalBot,10.9488
416,BrattyKidBot,9.0002,StickySmartBot,6.0002,ArsenalBot,8.9996
417,BrattyKidBot,6.0001,Strategist,6.0079,ArsenalBot,11.992
418,BrattyKidBot,8.144,VeryRandomBot,7.7317,ArsenalBot,8.1243
419,ChampBot,8.333,ChampBot2,7.8939,ArsenalBot,7.7731
420,ChampBot,6.0,CoordinateBot,9.3113,ArsenalBot,8.6887
421,ChampBot,6.0,DickinsonBaldiniBot,9.2941,ArsenalBot,8.7059
422,ChampBot,6.0,EABot,9.2921,ArsenalBot,8.7079
423,ChampBot,6.0,EASquared,9.2877,ArsenalBot,8.7123
424,ChampBot,5.9999,EASquaredBeater,9.4587,ArsenalBot,8.5414
425,ChampBot,7.9751,FollowerBot,8.1394,ArsenalBot,7.8855
426,ChampBot,6.0005,FunBot,8.5661,ArsenalBot,9.4334
427,ChampBot,6.0002,JoseZiBot2,9.2068,ArsenalBot,8.793
428,ChampBot,6.0002,JoseZiBotDef,8.9164,ArsenalBot,9.0834
429,ChampBot,8.0089,RollAgent,7.9822,ArsenalBot,8.0089
430,ChampBot,6.4583,SpongeBot,8.8296,ArsenalBot,8.7121
431,ChampBot,6.0015,SquidBot,8.6928,ArsenalBot,9.3057
432,ChampBot,6.0004,StickBot,8.8272,ArsenalBot,9.1724
433,ChampBot,11.0923,StickySmartBot,6.4487,ArsenalBot,6.459
434,ChampBot,6.0001,Strategist,9.122,ArsenalBot,8.8779
435,ChampBot,7.976,VeryRandomBot,8.0028,ArsenalBot,8.0212
436,CoordinateBot,9.1064,ChampBot2,6.1959,ArsenalBot,8.6977
437,DickinsonBaldiniBot,9.1494,ChampBot2,6.0,ArsenalBot,8.8506
438,ChampBot2,6.0006,EABot,9.1854,ArsenalBot,8.814
439,ChampBot2,6.5668,EASquared,8.8522,ArsenalBot,8.581
440,ChampBot2,6.0001,EASquaredBeater,9.1764,ArsenalBot,8.8235
441,ChampBot2,7.9596,FollowerBot,8.0814,ArsenalBot,7.959
442,FunBot,9.0468,ChampBot2,6.0005,ArsenalBot,8.9527
443,ChampBot2,6.0,JoseZiBot2,9.1986,ArsenalBot,8.8014
444,JoseZiBotDef,9.1482,ChampBot2,6.0001,ArsenalBot,8.8517
445,RollAgent,8.1292,ChampBot2,7.963,ArsenalBot,7.9078
446,SpongeBot,9.0667,ChampBot2,7.4578,ArsenalBot,7.4755
447,SquidBot,7.05,ChampBot2,9.9006,ArsenalBot,7.0494
448,ChampBot2,6.0002,StickBot,9.1352,ArsenalBot,8.8646
449,ChampBot2,9.8754,StickySmartBot,7.0638,ArsenalBot,7.0608
450,ChampBot2,6.0,Strategist,9.0576,ArsenalBot,8.9424
451,ChampBot2,7.4762,VeryRandomBot,8.9983,ArsenalBot,7.5255
452,CoordinateBot,6.0004,DickinsonBaldiniBot,9.9996,ArsenalBot,8.0
453,CoordinateBot,6.0006,EABot,11.9994,ArsenalBot,6.0
454,CoordinateBot,6.1064,EASquared,11.8735,ArsenalBot,6.0201
455,CoordinateBot,6.0,EASquaredBeater,6.0,ArsenalBot,12.0
456,CoordinateBot,6.0006,FollowerBot,11.9994,ArsenalBot,6.0
457,CoordinateBot,6.0005,FunBot,10.9995,ArsenalBot,7.0
458,CoordinateBot,6.1101,JoseZiBot2,11.0768,ArsenalBot,6.8131
459,CoordinateBot,6.0035,JoseZiBotDef,6.0881,ArsenalBot,11.9084
460,CoordinateBot,6.0022,RollAgent,6.001,ArsenalBot,11.9968
461,CoordinateBot,8.7976,SpongeBot,6.4589,ArsenalBot,8.7435
462,CoordinateBot,7.023,SquidBot,10.9029,ArsenalBot,6.0741
463,CoordinateBot,6.0003,StickBot,8.9997,ArsenalBot,9.0
464,CoordinateBot,11.942,StickySmartBot,6.001,ArsenalBot,6.057
465,CoordinateBot,6.0001,Strategist,6.9999,ArsenalBot,11.0
466,CoordinateBot,8.99,VeryRandomBot,6.0007,ArsenalBot,9.0093
467,DickinsonBaldiniBot,6.0,EABot,10.0,ArsenalBot,8.0
468,DickinsonBaldiniBot,6.0,EASquared,9.0,ArsenalBot,9.0
469,DickinsonBaldiniBot,6.0,EASquaredBeater,12.0,ArsenalBot,6.0
470,DickinsonBaldiniBot,6.0019,FollowerBot,11.9981,ArsenalBot,6.0
471,FunBot,9.9995,DickinsonBaldiniBot,6.0005,ArsenalBot,8.0
472,DickinsonBaldiniBot,6.0,JoseZiBot2,11.9994,ArsenalBot,6.0006
473,JoseZiBotDef,10.9991,DickinsonBaldiniBot,6.0005,ArsenalBot,7.0004
474,RollAgent,8.9996,DickinsonBaldiniBot,7.2503,ArsenalBot,7.7501
475,SpongeBot,8.0,DickinsonBaldiniBot,8.0006,ArsenalBot,7.9994
476,SquidBot,8.0,DickinsonBaldiniBot,8.0006,ArsenalBot,7.9994
477,DickinsonBaldiniBot,6.0003,StickBot,8.0003,ArsenalBot,9.9994
478,DickinsonBaldiniBot,7.9996,StickySmartBot,8.0002,ArsenalBot,8.0002
479,DickinsonBaldiniBot,6.0,Strategist,11.9994,ArsenalBot,6.0006
480,DickinsonBaldiniBot,7.451,VeryRandomBot,9.1172,ArsenalBot,7.4318
481,EASquared,11.9975,EABot,6.0,ArsenalBot,6.0025
482,EASquaredBeater,8.9996,EABot,6.0001,ArsenalBot,9.0003
483,EABot,6.002,FollowerBot,11.998,ArsenalBot,6.0
484,FunBot,8.0003,EABot,6.0005,ArsenalBot,9.9992
485,JoseZiBot2,6.3201,EABot,8.5199,ArsenalBot,9.16
486,JoseZiBotDef,9.9999,EABot,6.0001,ArsenalBot,8.0
487,RollAgent,6.0005,EABot,10.9989,ArsenalBot,7.0006
488,SpongeBot,6.0,EABot,6.0017,ArsenalBot,11.9983
489,SquidBot,6.0,EABot,6.0017,ArsenalBot,11.9983
490,StickBot,6.0036,EABot,9.1718,ArsenalBot,8.8246
491,EABot,9.0006,StickySmartBot,6.0,ArsenalBot,8.9994
492,Strategist,7.9999,EABot,6.0001,ArsenalBot,10.0
493,EABot,8.9907,VeryRandomBot,6.0004,ArsenalBot,9.0089
494,EASquaredBeater,6.0,EASquared,6.0,ArsenalBot,12.0
495,EASquared,7.9998,FollowerBot,8.001,ArsenalBot,7.9992
496,FunBot,6.002,EASquared,6.0005,ArsenalBot,11.9975
497,JoseZiBot2,6.0045,EASquared,6.003,ArsenalBot,11.9925
498,JoseZiBotDef,6.016,EASquared,6.0049,ArsenalBot,11.9791
499,RollAgent,6.0002,EASquared,6.0014,ArsenalBot,11.9984
500,SpongeBot,6.0002,EASquared,11.9414,ArsenalBot,6.0584
501,SquidBot,6.0002,EASquared,6.0014,ArsenalBot,11.9984
502,StickBot,6.0006,EASquared,7.0878,ArsenalBot,10.9116
503,EASquared,8.9998,StickySmartBot,6.0,ArsenalBot,9.0002
504,Strategist,6.0004,EASquared,6.0001,ArsenalBot,11.9995
505,EASquared,9.0105,VeryRandomBot,6.0008,ArsenalBot,8.9887
506,EASquaredBeater,6.0006,FollowerBot,11.9994,ArsenalBot,6.0
507,FunBot,11.9991,EASquaredBeater,6.0005,ArsenalBot,6.0004
508,EASquaredBeater,9.3995,JoseZiBot2,6.0008,ArsenalBot,8.5997
509,JoseZiBotDef,6.0003,EASquaredBeater,9.3995,ArsenalBot,8.6002
510,RollAgent,6.0002,EASquaredBeater,6.0014,ArsenalBot,11.9984
511,SpongeBot,6.0002,EASquaredBeater,11.9413,ArsenalBot,6.0585
512,SquidBot,6.0002,EASquaredBeater,6.0014,ArsenalBot,11.9984
513,EASquaredBeater,9.172,StickBot,6.0003,ArsenalBot,8.8277
514,EASquaredBeater,8.9993,StickySmartBot,6.0,ArsenalBot,9.0007
515,EASquaredBeater,6.0001,Strategist,7.9995,ArsenalBot,10.0004
516,EASquaredBeater,8.9864,VeryRandomBot,6.0007,ArsenalBot,9.0129
517,FunBot,11.9999,FollowerBot,6.0,ArsenalBot,6.0001
518,JoseZiBot2,11.9996,FollowerBot,6.0002,ArsenalBot,6.0002
519,JoseZiBotDef,11.9997,FollowerBot,6.0,ArsenalBot,6.0003
520,RollAgent,11.9996,FollowerBot,6.0002,ArsenalBot,6.0002
521,SpongeBot,8.0,FollowerBot,8.0,ArsenalBot,8.0
522,SquidBot,8.0,FollowerBot,8.0,ArsenalBot,8.0
523,StickBot,11.9997,FollowerBot,6.0,ArsenalBot,6.0003
524,StickySmartBot,8.0,FollowerBot,8.0,ArsenalBot,8.0
525,Strategist,11.9995,FollowerBot,6.0,ArsenalBot,6.0005
526,VeryRandomBot,8.4875,FollowerBot,7.7398,ArsenalBot,7.7727
527,FunBot,6.0005,JoseZiBot2,10.0003,ArsenalBot,7.9992
528,FunBot,5.9999,JoseZiBotDef,11.0001,ArsenalBot,7.0
529,FunBot,7.764,RollAgent,8.1147,ArsenalBot,8.1213
530,FunBot,6.0207,SpongeBot,6.0848,ArsenalBot,11.8945
531,FunBot,6.0049,SquidBot,6.0036,ArsenalBot,11.9915
532,FunBot,5.9997,StickBot,10.0003,ArsenalBot,8.0
533,FunBot,6.0001,StickySmartBot,11.9999,ArsenalBot,6.0
534,FunBot,5.9999,Strategist,11.0001,ArsenalBot,7.0
535,FunBot,8.0151,VeryRandomBot,7.8918,ArsenalBot,8.0931
536,JoseZiBotDef,9.5979,JoseZiBot2,6.0021,ArsenalBot,8.4
537,RollAgent,6.0005,JoseZiBot2,10.9989,ArsenalBot,7.0006
538,SpongeBot,7.9614,JoseZiBot2,6.7245,ArsenalBot,9.3141
539,SquidBot,8.8401,JoseZiBot2,6.0018,ArsenalBot,9.1581
540,JoseZiBot2,8.9002,StickBot,6.0036,ArsenalBot,9.0962
541,JoseZiBot2,9.0,StickySmartBot,6.0008,ArsenalBot,8.9992
542,JoseZiBot2,6.0001,Strategist,8.9599,ArsenalBot,9.04
543,JoseZiBot2,9.006,VeryRandomBot,6.0001,ArsenalBot,8.9939
544,RollAgent,7.644,JoseZiBotDef,8.1809,ArsenalBot,8.1751
545,SpongeBot,7.6821,JoseZiBotDef,6.4849,ArsenalBot,9.833
546,SquidBot,8.3202,JoseZiBotDef,6.0016,ArsenalBot,9.6782
547,JoseZiBotDef,6.0002,StickBot,8.88,ArsenalBot,9.1198
548,JoseZiBotDef,9.0002,StickySmartBot,6.0002,ArsenalBot,8.9996
549,JoseZiBotDef,6.0001,Strategist,8.6799,ArsenalBot,9.32
550,JoseZiBotDef,9.0049,VeryRandomBot,6.0007,ArsenalBot,8.9944
551,SpongeBot,11.9984,RollAgent,6.0008,ArsenalBot,6.0008
552,RollAgent,6.0008,SquidBot,11.9984,ArsenalBot,6.0008
553,RollAgent,6.0,StickBot,9.9998,ArsenalBot,8.0002
554,RollAgent,9.9821,StickySmartBot,6.9825,ArsenalBot,7.0354
555,RollAgent,6.0,Strategist,7.0004,ArsenalBot,10.9996
556,RollAgent,8.0241,VeryRandomBot,7.9714,ArsenalBot,8.0045
557,SpongeBot,8.0,SquidBot,8.0,ArsenalBot,8.0
558,SpongeBot,6.0,StickBot,12.0,ArsenalBot,6.0
559,SpongeBot,7.9998,StickySmartBot,8.001,ArsenalBot,7.9992
560,SpongeBot,6.0,Strategist,12.0,ArsenalBot,6.0
561,SpongeBot,8.2369,VeryRandomBot,7.5397,ArsenalBot,8.2234
562,SquidBot,6.0,StickBot,12.0,ArsenalBot,6.0
563,SquidBot,6.0,StickySmartBot,12.0,ArsenalBot,6.0
564,SquidBot,6.0,Strategist,12.0,ArsenalBot,6.0
565,SquidBot,6.2116,VeryRandomBot,11.5799,ArsenalBot,6.2085
566,StickBot,8.9991,StickySmartBot,6.0021,ArsenalBot,8.9988
567,StickBot,6.0001,Strategist,9.1819,ArsenalBot,8.818
568,StickBot,8.9969,VeryRandomBot,6.0008,ArsenalBot,9.0023
569,Strategist,8.9999,StickySmartBot,6.0001,ArsenalBot,9.0
570,VeryRandomBot,9.3659,StickySmartBot,7.3121,ArsenalBot,7.322
571,Strategist,9.0027,VeryRandomBot,6.0007,ArsenalBot,8.9966
572,ChampBot,8.8319,BrattyKidBot,7.821,ChampBot2,7.3471
573,ChampBot,6.4753,BrattyKidBot,9.1423,CoordinateBot,8.3824
574,ChampBot,6.0502,BrattyKidBot,8.9959,DickinsonBaldiniBot,8.9539
575,ChampBot,10.075,BrattyKidBot,7.254,EABot,6.671
576,ChampBot,6.9121,BrattyKidBot,8.9012,EASquared,8.1867
577,ChampBot,9.2024,BrattyKidBot,7.6134,EASquaredBeater,7.1842
578,ChampBot,6.0003,BrattyKidBot,9.4334,FollowerBot,8.5663
579,ChampBot,6.0,BrattyKidBot,9.4343,FunBot,8.5657
580,ChampBot,8.8327,BrattyKidBot,7.378,JoseZiBot2,7.7893
581,ChampBot,8.7044,BrattyKidBot,7.8095,JoseZiBotDef,7.4861
582,ChampBot,8.5438,BrattyKidBot,8.101,RollAgent,7.3552
583,ChampBot,6.4288,BrattyKidBot,8.8263,SpongeBot,8.7449
584,ChampBot,6.0001,BrattyKidBot,9.413,SquidBot,8.5869
585,ChampBot,6.1496,BrattyKidBot,9.29,StickBot,8.5604
586,ChampBot,7.4004,BrattyKidBot,8.2543,StickySmartBot,8.3453
587,ChampBot,11.2632,BrattyKidBot,6.3687,Strategist,6.3681
588,ChampBot,8.0565,BrattyKidBot,8.061,VeryRandomBot,7.8825
589,CoordinateBot,8.5823,BrattyKidBot,8.5569,ChampBot2,6.8608
590,BrattyKidBot,8.6015,DickinsonBaldiniBot,8.8119,ChampBot2,6.5866
591,BrattyKidBot,6.9513,ChampBot2,10.0956,EABot,6.9531
592,BrattyKidBot,8.2043,ChampBot2,7.5146,EASquared,8.2811
593,BrattyKidBot,7.7348,ChampBot2,9.0162,EASquaredBeater,7.249
594,BrattyKidBot,8.7412,ChampBot2,6.3506,FollowerBot,8.9082
595,FunBot,6.9393,BrattyKidBot,6.9367,ChampBot2,10.124
596,BrattyKidBot,6.9864,ChampBot2,10.0482,JoseZiBot2,6.9654
597,BrattyKidBot,6.9834,JoseZiBotDef,6.9697,ChampBot2,10.0469
598,BrattyKidBot,8.4966,ChampBot2,7.7669,RollAgent,7.7365
599,SpongeBot,8.9292,BrattyKidBot,8.6907,ChampBot2,6.3801
600,BrattyKidBot,8.6973,ChampBot2,6.3644,SquidBot,8.9383
601,BrattyKidBot,7.0737,ChampBot2,9.9243,StickBot,7.002
602,BrattyKidBot,8.2453,ChampBot2,7.515,StickySmartBot,8.2397
603,BrattyKidBot,6.9623,ChampBot2,10.0768,Strategist,6.9609
604,BrattyKidBot,7.9639,ChampBot2,7.9667,VeryRandomBot,8.0694
605,CoordinateBot,6.9996,BrattyKidBot,10.9979,DickinsonBaldiniBot,6.0025
606,CoordinateBot,9.996,BrattyKidBot,8.0015,EABot,6.0025
607,CoordinateBot,8.5558,BrattyKidBot,7.1746,EASquared,8.2696
608,CoordinateBot,9.7171,BrattyKidBot,6.1569,EASquaredBeater,8.126
609,CoordinateBot,6.0082,BrattyKidBot,11.9484,FollowerBot,6.0434
610,CoordinateBot,6.0,BrattyKidBot,7.0,FunBot,11.0
611,CoordinateBot,8.6256,BrattyKidBot,9.2923,JoseZiBot2,6.0821
612,CoordinateBot,8.716,BrattyKidBot,9.2815,JoseZiBotDef,6.0025
613,CoordinateBot,7.0006,BrattyKidBot,10.9918,RollAgent,6.0076
614,CoordinateBot,6.9127,BrattyKidBot,6.6529,SpongeBot,10.4344
615,CoordinateBot,6.9127,BrattyKidBot,6.6529,SquidBot,10.4344
616,CoordinateBot,10.0,BrattyKidBot,3.0,StickBot,11.0
617,CoordinateBot,8.9986,BrattyKidBot,8.9989,StickySmartBot,6.0025
618,CoordinateBot,9.996,BrattyKidBot,8.0015,Strategist,6.0025
619,CoordinateBot,9.0001,BrattyKidBot,8.9974,VeryRandomBot,6.0025
620,BrattyKidBot,9.0,DickinsonBaldiniBot,9.0,EABot,6.0
621,BrattyKidBot,10.9979,DickinsonBaldiniBot,6.0025,EASquared,6.9996
622,BrattyKidBot,10.9957,DickinsonBaldiniBot,7.0026,EASquaredBeater,6.0017
623,BrattyKidBot,6.0,DickinsonBaldiniBot,6.0075,FollowerBot,11.9925
624,FunBot,8.0,BrattyKidBot,10.0,DickinsonBaldiniBot,6.0
625,BrattyKidBot,6.8806,DickinsonBaldiniBot,6.7411,JoseZiBot2,10.3783
626,BrattyKidBot,6.0,JoseZiBotDef,11.9919,DickinsonBaldiniBot,6.0081
627,BrattyKidBot,10.9999,DickinsonBaldiniBot,7.0001,RollAgent,6.0
628,SpongeBot,6.0006,BrattyKidBot,11.9994,DickinsonBaldiniBot,6.0
629,BrattyKidBot,7.9999,DickinsonBaldiniBot,6.0001,SquidBot,10.0
630,BrattyKidBot,8.634,DickinsonBaldiniBot,8.5477,StickBot,6.8183
631,BrattyKidBot,11.9999,DickinsonBaldiniBot,5.9999,StickySmartBot,6.0002
632,BrattyKidBot,8.0,DickinsonBaldiniBot,10.0,Strategist,6.0
633,BrattyKidBot,8.8374,DickinsonBaldiniBot,8.85,VeryRandomBot,6.3126
634,BrattyKidBot,5.9985,EASquared,11.999,EABot,6.0025
635,BrattyKidBot,10.9976,EABot,3.0024,EASquaredBeater,10.0
636,BrattyKidBot,6.0002,EABot,6.0082,FollowerBot,11.9916
637,FunBot,9.0,BrattyKidBot,9.0,EABot,6.0
638,BrattyKidBot,7.96,JoseZiBot2,5.9491,EABot,10.0909
639,BrattyKidBot,6.0,JoseZiBotDef,11.9922,EABot,6.0078
640,BrattyKidBot,7.0004,EABot,10.9996,RollAgent,6.0
641,SpongeBot,6.0587,BrattyKidBot,6.0099,EABot,11.9314
642,BrattyKidBot,10.9999,EABot,6.0001,SquidBot,7.0
643,BrattyKidBot,9.0,EABot,5.0,StickBot,10.0
644,BrattyKidBot,8.5001,EABot,8.4999,StickySmartBot,7.0
645,BrattyKidBot,11.0,EABot,10.0,Strategist,3.0
646,BrattyKidBot,6.8852,EABot,6.8864,VeryRandomBot,10.2284
647,BrattyKidBot,11.9889,EASquared,6.0105,EASquaredBeater,6.0006
648,BrattyKidBot,6.3528,EASquared,11.2929,FollowerBot,6.3543
649,FunBot,6.0025,BrattyKidBot,11.9975,EASquared,6.0
650,BrattyKidBot,10.0887,JoseZiBot2,6.0043,EASquared,7.907
651,BrattyKidBot,9.5403,JoseZiBotDef,6.0037,EASquared,8.456
652,BrattyKidBot,7.0004,EASquared,10.9971,RollAgent,6.0025
653,SpongeBot,6.0025,BrattyKidBot,11.9974,EASquared,6.0001
654,BrattyKidBot,11.9974,EASquared,6.0001,SquidBot,6.0025
655,BrattyKidBot,9.1771,EASquared,8.8229,StickBot,6.0
656,BrattyKidBot,8.9991,EASquared,8.9984,StickySmartBot,6.0025
657,BrattyKidBot,8.0015,EASquared,9.996,Strategist,6.0025
658,BrattyKidBot,9.0019,EASquared,8.9956,VeryRandomBot,6.0025
659,BrattyKidBot,10.9982,FollowerBot,7.0009,EASquaredBeater,6.0009
660,FunBot,11.9925,BrattyKidBot,6.0003,EASquaredBeater,6.0072
661,BrattyKidBot,3.0024,JoseZiBot2,11.0,EASquaredBeater,9.9976
662,BrattyKidBot,3.2416,JoseZiBotDef,10.6,EASquaredBeater,10.1584
663,BrattyKidBot,5.0008,RollAgent,11.0002,EASquaredBeater,7.999
664,SpongeBot,6.0033,BrattyKidBot,11.996,EASquaredBeater,6.0007
665,BrattyKidBot,11.996,SquidBot,6.0033,EASquaredBeater,6.0007
666,BrattyKidBot,3.0825,StickBot,10.9459,EASquaredBeater,9.9716
667,BrattyKidBot,6.501,StickySmartBot,11.499,EASquaredBeater,6.0
668,BrattyKidBot,3.0024,Strategist,11.0,EASquaredBeater,9.9976
669,BrattyKidBot,8.9086,VeryRandomBot,6.186,EASquaredBeater,8.9054
670,FunBot,6.0001,BrattyKidBot,11.9999,FollowerBot,6.0
671,BrattyKidBot,10.0377,JoseZiBot2,6.0005,FollowerBot,7.9618
672,BrattyKidBot,9.8279,JoseZiBotDef,6.0013,FollowerBot,8.1708
673,BrattyKidBot,7.0004,FollowerBot,10.9996,RollAgent,6.0
674,SpongeBot,6.0,BrattyKidBot,12.0,FollowerBot,6.0
675,BrattyKidBot,12.0,FollowerBot,6.0,SquidBot,6.0
676,BrattyKidBot,9.1868,FollowerBot,8.8131,StickBot,6.0001
677,BrattyKidBot,8.9996,StickySmartBot,6.0,FollowerBot,9.0004
678,BrattyKidBot,7.9999,Strategist,6.0001,FollowerBot,10.0
679,BrattyKidBot,8.9916,VeryRandomBot,6.0007,FollowerBot,9.0077
680,FunBot,6.3806,BrattyKidBot,8.0,JoseZiBot2,9.6194
681,FunBot,6.36,BrattyKidBot,9.0,JoseZiBotDef,8.64
682,FunBot,8.4825,BrattyKidBot,6.5205,RollAgent,8.997
683,FunBot,6.0025,BrattyKidBot,11.9951,SpongeBot,6.0024
684,FunBot,6.0607,BrattyKidBot,11.7575,SquidBot,6.1818
685,FunBot,7.5046,BrattyKidBot,7.4995,StickBot,8.9959
686,FunBot,8.8925,BrattyKidBot,8.8949,StickySmartBot,6.2126
687,FunBot,6.4012,BrattyKidBot,7.0,Strategist,10.5988
688,FunBot,8.9521,BrattyKidBot,8.9738,VeryRandomBot,6.0741
689,BrattyKidBot,8.6,JoseZiBotDef,7.84,JoseZiBot2,7.56
690,BrattyKidBot,5.1604,JoseZiBot2,10.5996,RollAgent,8.24
691,SpongeBot,6.2021,BrattyKidBot,11.6352,JoseZiBot2,6.1627
692,BrattyKidBot,10.1498,JoseZiBot2,6.0024,SquidBot,7.8478
693,BrattyKidBot,9.0008,JoseZiBot2,8.4618,StickBot,6.5374
694,BrattyKidBot,8.84,JoseZiBot2,8.8404,StickySmartBot,6.3196
695,BrattyKidBot,3.0,JoseZiBot2,10.0,Strategist,11.0
696,BrattyKidBot,8.6517,JoseZiBot2,8.681,VeryRandomBot,6.6673
697,BrattyKidBot,5.0004,JoseZiBotDef,8.9996,RollAgent,10.0
698,SpongeBot,6.0124,BrattyKidBot,11.9852,JoseZiBotDef,6.0024
699,BrattyKidBot,9.9199,JoseZiBotDef,6.0001,SquidBot,8.08
700,BrattyKidBot,5.12,JoseZiBotDef,8.72,StickBot,10.16
701,BrattyKidBot,8.9988,JoseZiBotDef,9.0006,StickySmartBot,6.0006
702,BrattyKidBot,8.0,JoseZiBotDef,10.0,Strategist,6.0
703,BrattyKidBot,8.5978,JoseZiBotDef,8.6466,VeryRandomBot,6.7556
704,SpongeBot,10.9996,BrattyKidBot,7.0004,RollAgent,6.0
705,BrattyKidBot,7.0004,SquidBot,10.9996,RollAgent,6.0
706,BrattyKidBot,5.0005,StickBot,9.9995,RollAgent,9.0
707,BrattyKidBot,7.571,StickySmartBot,7.9284,RollAgent,8.5006
708,BrattyKidBot,7.0,Strategist,7.0,RollAgent,10.0
709,BrattyKidBot,7.9676,VeryRandomBot,8.0144,RollAgent,8.018
710,SpongeBot,8.0,BrattyKidBot,6.6573,SquidBot,9.3427
711,SpongeBot,6.0076,BrattyKidBot,6.0004,StickBot,11.992
712,SpongeBot,6.0038,BrattyKidBot,6.0601,StickySmartBot,11.9361
713,SpongeBot,6.0088,BrattyKidBot,6.0001,Strategist,11.9911
714,SpongeBot,8.7341,BrattyKidBot,8.7655,VeryRandomBot,6.5004
715,BrattyKidBot,6.0005,StickBot,11.9923,SquidBot,6.0072
716,BrattyKidBot,8.5,StickySmartBot,9.5,SquidBot,6.0
717,BrattyKidBot,6.0001,Strategist,11.9911,SquidBot,6.0088
718,BrattyKidBot,8.0313,VeryRandomBot,7.9225,SquidBot,8.0462
719,BrattyKidBot,8.0,StickySmartBot,8.0,StickBot,8.0
720,BrattyKidBot,8.7841,Strategist,9.2027,StickBot,6.0132
721,BrattyKidBot,7.4101,VeryRandomBot,9.167,StickBot,7.4229
722,BrattyKidBot,7.0,Strategist,7.0,StickySmartBot,10.0
723,BrattyKidBot,8.4696,StickySmartBot,8.4422,VeryRandomBot,7.0882
724,BrattyKidBot,6.3115,Strategist,6.3087,VeryRandomBot,11.3798
725,ChampBot,8.3642,CoordinateBot,7.8268,ChampBot2,7.809
726,ChampBot,8.9298,DickinsonBaldiniBot,7.5385,ChampBot2,7.5317
727,ChampBot,8.5053,ChampBot2,7.9234,EABot,7.5713
728,ChampBot,8.4803,ChampBot2,7.7815,EASquared,7.7382
729,ChampBot,8.3889,ChampBot2,7.6231,EASquaredBeater,7.988
730,ChampBot,8.0672,ChampBot2,7.8896,FollowerBot,8.0432
731,ChampBot,8.6578,FunBot,7.6687,ChampBot2,7.6735
732,ChampBot,8.7327,ChampBot2,7.6513,JoseZiBot2,7.616
733,ChampBot,8.7281,JoseZiBotDef,7.7003,ChampBot2,7.5716
734,ChampBot,7.9942,RollAgent,7.9988,ChampBot2,8.007
735,ChampBot,8.0269,SpongeBot,8.0188,ChampBot2,7.9543
736,ChampBot,8.0015,SquidBot,8.0711,ChampBot2,7.9274
737,ChampBot,8.853,ChampBot2,7.429,StickBot,7.718
738,ChampBot,8.3232,ChampBot2,7.8047,StickySmartBot,7.8721
739,ChampBot,8.4469,ChampBot2,7.7144,Strategist,7.8387
740,ChampBot,7.9948,ChampBot2,8.005,VeryRandomBot,8.0002
741,ChampBot,6.6399,CoordinateBot,8.6876,DickinsonBaldiniBot,8.6725
742,ChampBot,6.0012,CoordinateBot,9.0895,EABot,8.9093
743,ChampBot,6.007,CoordinateBot,9.317,EASquared,8.676
744,ChampBot,6.3676,CoordinateBot,8.4464,EASquaredBeater,9.186
745,ChampBot,6.0,CoordinateBot,9.2721,FollowerBot,8.7279
746,ChampBot,6.2091,CoordinateBot,9.2236,FunBot,8.5673
747,ChampBot,6.4471,CoordinateBot,8.4973,JoseZiBot2,9.0556
748,ChampBot,6.003,CoordinateBot,8.7012,JoseZiBotDef,9.2958
749,ChampBot,8.086,CoordinateBot,7.8958,RollAgent,8.0182
750,ChampBot,6.0008,CoordinateBot,8.8795,SpongeBot,9.1197
751,ChampBot,6.0007,CoordinateBot,8.8783,SquidBot,9.121
752,ChampBot,6.3159,CoordinateBot,8.9905,StickBot,8.6936
753,ChampBot,7.0944,CoordinateBot,8.3444,StickySmartBot,8.5612
754,ChampBot,6.3643,CoordinateBot,8.6345,Strategist,9.0012
755,ChampBot,7.9257,CoordinateBot,8.0504,VeryRandomBot,8.0239
756,ChampBot,6.8889,DickinsonBaldiniBot,8.3521,EABot,8.759
757,ChampBot,6.0,DickinsonBaldiniBot,8.724,EASquared,9.276
758,ChampBot,6.2279,DickinsonBaldiniBot,8.5447,EASquaredBeater,9.2274
759,ChampBot,6.0489,DickinsonBaldiniBot,9.2558,FollowerBot,8.6953
760,ChampBot,7.5167,FunBot,8.1834,DickinsonBaldiniBot,8.2999
761,ChampBot,7.1244,DickinsonBaldiniBot,8.2914,JoseZiBot2,8.5842
762,ChampBot,6.9895,JoseZiBotDef,8.5079,DickinsonBaldiniBot,8.5026
763,ChampBot,7.9735,RollAgent,7.944,DickinsonBaldiniBot,8.0825
764,ChampBot,9.2177,SpongeBot,7.4113,DickinsonBaldiniBot,7.371
765,ChampBot,9.3344,SquidBot,7.3073,DickinsonBaldiniBot,7.3583
766,ChampBot,7.4817,DickinsonBaldiniBot,8.5207,StickBot,7.9976
767,ChampBot,10.0643,DickinsonBaldiniBot,6.9297,StickySmartBot,7.006
768,ChampBot,6.4103,DickinsonBaldiniBot,8.8476,Strategist,8.7421
769,ChampBot,8.0362,DickinsonBaldiniBot,8.0583,VeryRandomBot,7.9055
770,ChampBot,6.0014,EASquared,9.2622,EABot,8.7364
771,ChampBot,12.0,EABot,6.0,EASquaredBeater,6.0
772,ChampBot,6.0,EABot,8.6672,FollowerBot,9.3328
773,ChampBot,6.4115,FunBot,8.4805,EABot,9.108
774,ChampBot,6.0,JoseZiBot2,8.825,EABot,9.175
775,ChampBot,6.8194,JoseZiBotDef,8.229,EABot,8.9516
776,ChampBot,8.3341,RollAgent,7.625,EABot,8.0409
777,ChampBot,7.7942,SpongeBot,8.2201,EABot,7.9857
778,ChampBot,8.3079,SquidBot,7.8945,EABot,7.7976
779,ChampBot,8.4956,EABot,8.2286,StickBot,7.2758
780,ChampBot,8.0463,EABot,8.2972,StickySmartBot,7.6565
781,ChampBot,10.0705,Strategist,6.2201,EABot,7.7094
782,ChampBot,8.0499,EABot,8.1112,VeryRandomBot,7.8389
783,ChampBot,7.0881,EASquared,8.1766,EASquaredBeater,8.7353
784,ChampBot,6.0,EASquared,9.2611,FollowerBot,8.7389
785,ChampBot,6.4311,FunBot,8.4925,EASquared,9.0764
786,ChampBot,6.8883,JoseZiBot2,8.6937,EASquared,8.418
787,ChampBot,6.881,JoseZiBotDef,8.3845,EASquared,8.7345
788,ChampBot,8.0456,RollAgent,7.9749,EASquared,7.9795
789,ChampBot,6.0017,SpongeBot,9.0894,EASquared,8.9089
790,ChampBot,6.0031,SquidBot,9.1152,EASquared,8.8817
791,ChampBot,6.871,EASquared,8.4427,StickBot,8.6863
792,ChampBot,6.7772,EASquared,8.5001,StickySmartBot,8.7227
793,ChampBot,6.8789,Strategist,8.6433,EASquared,8.4778
794,ChampBot,8.0127,EASquared,7.9603,VeryRandomBot,8.027
795,ChampBot,5.9999,FollowerBot,8.59,EASquaredBeater,9.4101
796,ChampBot,6.3805,FunBot,8.3404,EASquaredBeater,9.2791
797,ChampBot,6.5339,JoseZiBot2,8.4256,EASquaredBeater,9.0405
798,ChampBot,6.7631,JoseZiBotDef,8.1168,EASquaredBeater,9.1201
799,ChampBot,8.4188,RollAgent,7.4813,EASquaredBeater,8.0999
800,ChampBot,8.6478,SpongeBot,7.3854,EASquaredBeater,7.9668
801,ChampBot,8.6259,SquidBot,7.43,EASquaredBeater,7.9441
802,ChampBot,6.7523,StickBot,8.0842,EASquaredBeater,9.1635
803,ChampBot,8.0357,StickySmartBot,7.6728,EASquaredBeater,8.2915
804,ChampBot,8.7871,Strategist,7.2468,EASquaredBeater,7.9661
805,ChampBot,8.1416,VeryRandomBot,7.6597,EASquaredBeater,8.1987
806,ChampBot,6.0298,FunBot,8.9683,FollowerBot,9.0019
807,ChampBot,6.0,JoseZiBot2,9.2922,FollowerBot,8.7078
808,ChampBot,6.0,JoseZiBotDef,9.2768,FollowerBot,8.7232
809,ChampBot,8.2278,RollAgent,7.8507,FollowerBot,7.9215
810,ChampBot,11.6128,SpongeBot,6.1955,FollowerBot,6.1917
811,ChampBot,11.6232,SquidBot,6.1884,FollowerBot,6.1884
812,ChampBot,6.0002,FollowerBot,9.1015,StickBot,8.8983
813,ChampBot,9.3527,StickySmartBot,7.2374,FollowerBot,7.4099
814,ChampBot,6.0007,Strategist,9.1603,FollowerBot,8.839
815,ChampBot,8.0055,VeryRandomBot,7.9503,FollowerBot,8.0442
816,ChampBot,7.142,FunBot,8.3718,JoseZiBot2,8.4862
817,ChampBot,7.1552,FunBot,8.3966,JoseZiBotDef,8.4482
818,ChampBot,8.0784,FunBot,7.779,RollAgent,8.1426
819,ChampBot,7.6701,FunBot,7.8719,SpongeBot,8.458
820,ChampBot,7.842,FunBot,7.9842,SquidBot,8.1738
821,ChampBot,6.5112,FunBot,8.4044,StickBot,9.0844
822,ChampBot,7.2819,FunBot,8.2439,StickySmartBot,8.4742
823,ChampBot,6.2454,FunBot,8.6809,Strategist,9.0737
824,ChampBot,7.9155,FunBot,7.9036,VeryRandomBot,8.1809
825,ChampBot,6.0,JoseZiBotDef,9.192,JoseZiBot2,8.808
826,ChampBot,8.1698,RollAgent,8.0154,JoseZiBot2,7.8148
827,ChampBot,7.8291,SpongeBot,8.2234,JoseZiBot2,7.9475
828,ChampBot,7.9294,SquidBot,8.1201,JoseZiBot2,7.9505
829,ChampBot,6.2542,JoseZiBot2,8.5585,StickBot,9.1873
830,ChampBot,7.5935,JoseZiBot2,8.3535,StickySmartBot,8.053
831,ChampBot,6.9794,JoseZiBot2,8.7668,Strategist,8.2538
832,ChampBot,8.0231,JoseZiBot2,7.9713,VeryRandomBot,8.0056
833,ChampBot,8.3681,RollAgent,7.5908,JoseZiBotDef,8.0411
834,ChampBot,8.1972,SpongeBot,7.793,JoseZiBotDef,8.0098
835,ChampBot,7.9267,SquidBot,8.1253,JoseZiBotDef,7.948
836,ChampBot,8.014,JoseZiBotDef,8.1282,StickBot,7.8578
837,ChampBot,7.2266,JoseZiBotDef,8.1666,StickySmartBot,8.6068
838,ChampBot,6.0446,JoseZiBotDef,8.8423,Strategist,9.1131
839,ChampBot,7.9994,JoseZiBotDef,8.0372,VeryRandomBot,7.9634
840,ChampBot,8.2555,RollAgent,7.9271,SpongeBot,7.8174
841,ChampBot,8.2498,RollAgent,7.8352,SquidBot,7.915
842,ChampBot,8.2773,RollAgent,7.7357,StickBot,7.987
843,ChampBot,8.0765,RollAgent,7.9116,StickySmartBot,8.0119
844,ChampBot,8.2734,RollAgent,7.8956,Strategist,7.831
845,ChampBot,8.0595,RollAgent,8.0069,VeryRandomBot,7.9336
846,ChampBot,7.8679,SpongeBot,7.9209,SquidBot,8.2112
847,ChampBot,6.0005,SpongeBot,9.1246,StickBot,8.8749
848,ChampBot,10.0733,SpongeBot,6.8701,StickySmartBot,7.0566
849,ChampBot,7.9204,SpongeBot,7.9539,Strategist,8.1257
850,ChampBot,7.9986,SpongeBot,7.9915,VeryRandomBot,8.0099
851,ChampBot,6.0003,SquidBot,9.3659,StickBot,8.6338
852,ChampBot,10.0416,SquidBot,6.8892,StickySmartBot,7.0692
853,ChampBot,6.0001,SquidBot,8.8775,Strategist,9.1224
854,ChampBot,8.0099,SquidBot,7.9676,VeryRandomBot,8.0225
855,ChampBot,7.6126,StickySmartBot,7.9643,StickBot,8.4231
856,ChampBot,6.4636,Strategist,8.7017,StickBot,8.8347
857,ChampBot,7.9008,VeryRandomBot,8.1928,StickBot,7.9064
858,ChampBot,7.4654,Strategist,8.2947,StickySmartBot,8.2399
859,ChampBot,8.0185,StickySmartBot,8.0041,VeryRandomBot,7.9774
860,ChampBot,7.9813,Strategist,8.0098,VeryRandomBot,8.0089
861,CoordinateBot,8.6794,DickinsonBaldiniBot,8.5936,ChampBot2,6.727
862,CoordinateBot,8.5861,ChampBot2,6.8319,EABot,8.582
863,CoordinateBot,8.643,ChampBot2,7.0605,EASquared,8.2965
864,CoordinateBot,8.8207,ChampBot2,6.5672,EASquaredBeater,8.6121
865,CoordinateBot,9.1056,ChampBot2,6.1974,FollowerBot,8.697
866,CoordinateBot,8.6515,FunBot,8.6308,ChampBot2,6.7177
867,CoordinateBot,8.5374,ChampBot2,6.8306,JoseZiBot2,8.632
868,CoordinateBot,8.5944,JoseZiBotDef,8.576,ChampBot2,6.8296
869,CoordinateBot,8.034,RollAgent,7.9798,ChampBot2,7.9862
870,CoordinateBot,8.9668,SpongeBot,9.005,ChampBot2,6.0282
871,CoordinateBot,9.0179,SquidBot,8.9795,ChampBot2,6.0026
872,CoordinateBot,8.5602,ChampBot2,6.8235,StickBot,8.6163
873,CoordinateBot,9.0059,ChampBot2,6.0034,StickySmartBot,8.9907
874,CoordinateBot,8.6337,ChampBot2,6.8285,Strategist,8.5378
875,CoordinateBot,7.7501,ChampBot2,7.7727,VeryRandomBot,8.4772
876,DickinsonBaldiniBot,7.4931,ChampBot2,7.495,EABot,9.0119
877,DickinsonBaldiniBot,9.1028,ChampBot2,6.0051,EASquared,8.8921
878,DickinsonBaldiniBot,7.4745,ChampBot2,7.5111,EASquaredBeater,9.0144
879,DickinsonBaldiniBot,6.9688,ChampBot2,10.0616,FollowerBot,6.9696
880,FunBot,8.8938,DickinsonBaldiniBot,8.3252,ChampBot2,6.781
881,DickinsonBaldiniBot,7.492,ChampBot2,7.4913,JoseZiBot2,9.0167
882,DickinsonBaldiniBot,7.4972,ChampBot2,7.5109,JoseZiBotDef,8.9919
883,RollAgent,8.9762,DickinsonBaldiniBot,7.5172,ChampBot2,7.5066
884,SpongeBot,6.9908,DickinsonBaldiniBot,6.9916,ChampBot2,10.0176
885,SquidBot,6.9969,DickinsonBaldiniBot,6.9962,ChampBot2,10.0069
886,DickinsonBaldiniBot,9.1464,ChampBot2,6.0006,StickBot,8.853
887,DickinsonBaldiniBot,8.0379,ChampBot2,8.0392,StickySmartBot,7.9229
888,DickinsonBaldiniBot,7.5271,ChampBot2,7.532,Strategist,8.9409
889,DickinsonBaldiniBot,7.6168,ChampBot2,7.5766,VeryRandomBot,8.8066
890,EASquared,8.8457,ChampBot2,6.0003,EABot,9.154
891,ChampBot2,10.1304,EABot,6.9348,EASquaredBeater,6.9348
892,ChampBot2,6.0,EABot,9.1788,FollowerBot,8.8212
893,FunBot,8.8697,ChampBot2,6.0046,EABot,9.1257
894,ChampBot2,6.5196,EABot,8.598,JoseZiBot2,8.8824
895,JoseZiBotDef,8.9014,ChampBot2,8.582,EABot,6.5166
896,RollAgent,8.8314,ChampBot2,7.5843,EABot,7.5843
897,SpongeBot,7.8935,ChampBot2,8.1131,EABot,7.9934
898,SquidBot,7.856,ChampBot2,8.1597,EABot,7.9843
899,ChampBot2,6.0,EABot,9.1486,StickBot,8.8514
900,ChampBot2,7.4166,EABot,8.4113,StickySmartBot,8.1721
901,Strategist,8.8485,ChampBot2,8.1008,EABot,7.0507
902,ChampBot2,7.6549,EABot,7.6501,VeryRandomBot,8.695
903,ChampBot2,7.4018,EASquared,8.1772,EASquaredBeater,8.421
904,ChampBot2,6.5766,EASquared,8.832,FollowerBot,8.5914
905,FunBot,8.3723,ChampBot2,7.0975,EASquared,8.5302
906,ChampBot2,7.1078,EASquared,8.5196,JoseZiBot2,8.3726
907,JoseZiBotDef,8.3512,ChampBot2,7.1422,EASquared,8.5066
908,RollAgent,8.126,ChampBot2,7.6934,EASquared,8.1806
909,SpongeBot,8.6049,ChampBot2,6.9246,EASquared,8.4705
910,SquidBot,8.5528,ChampBot2,6.9208,EASquared,8.5264
911,ChampBot2,7.1688,EASquared,8.5471,StickBot,8.2841
912,ChampBot2,6.8226,EASquared,8.6478,StickySmartBot,8.5296
913,Strategist,8.3667,ChampBot2,7.1212,EASquared,8.5121
914,ChampBot2,7.6622,EASquared,7.6868,VeryRandomBot,8.651
915,ChampBot2,6.0001,FollowerBot,8.9165,EASquaredBeater,9.0834
916,FunBot,8.8603,ChampBot2,6.0172,EASquaredBeater,9.1225
917,ChampBot2,7.2968,JoseZiBot2,8.5501,EASquaredBeater,8.1531
918,JoseZiBotDef,8.4339,ChampBot2,7.8863,EASquaredBeater,7.6798
919,RollAgent,7.8534,ChampBot2,8.1642,EASquaredBeater,7.9824
920,SpongeBot,8.8039,ChampBot2,6.0486,EASquaredBeater,9.1475
921,SquidBot,7.8338,ChampBot2,8.1878,EASquaredBeater,7.9784
922,ChampBot2,9.4399,StickBot,7.5019,EASquaredBeater,7.0582
923,ChampBot2,7.7943,StickySmartBot,8.0287,EASquaredBeater,8.177
924,ChampBot2,7.884,Strategist,8.4208,EASquaredBeater,7.6952
925,ChampBot2,7.8771,VeryRandomBot,8.2741,EASquaredBeater,7.8488
926,FunBot,8.8339,ChampBot2,6.0446,FollowerBot,9.1215
927,ChampBot2,6.0002,JoseZiBot2,8.882,FollowerBot,9.1178
928,JoseZiBotDef,8.8605,ChampBot2,6.0,FollowerBot,9.1395
929,RollAgent,8.0232,ChampBot2,7.9998,FollowerBot,7.977
930,SpongeBot,8.7606,ChampBot2,6.2424,FollowerBot,8.997
931,SquidBot,7.0018,ChampBot2,9.9964,FollowerBot,7.0018
932,ChampBot2,6.0,FollowerBot,9.1255,StickBot,8.8745
933,ChampBot2,8.6565,StickySmartBot,7.6186,FollowerBot,7.7249
934,ChampBot2,6.0,Strategist,8.8769,FollowerBot,9.1231
935,ChampBot2,7.5891,VeryRandomBot,8.802,FollowerBot,7.6089
936,FunBot,8.3332,ChampBot2,6.7683,JoseZiBot2,8.8985
937,FunBot,8.6063,JoseZiBotDef,8.8681,ChampBot2,6.5256
938,FunBot,7.5971,RollAgent,8.8754,ChampBot2,7.5275
939,FunBot,7.9647,SpongeBot,7.8766,ChampBot2,8.1587
940,FunBot,7.9886,SquidBot,7.8716,ChampBot2,8.1398
941,FunBot,8.9231,ChampBot2,6.2661,StickBot,8.8108
942,FunBot,8.3682,ChampBot2,7.4033,StickySmartBot,8.2285
943,FunBot,8.6415,ChampBot2,6.5178,Strategist,8.8407
944,FunBot,7.6755,ChampBot2,7.6328,VeryRandomBot,8.6917
945,JoseZiBotDef,8.8038,ChampBot2,6.6909,JoseZiBot2,8.5053
946,RollAgent,8.649,ChampBot2,7.6794,JoseZiBot2,7.6716
947,SpongeBot,7.8378,ChampBot2,8.1496,JoseZiBot2,8.0126
948,SquidBot,7.898,ChampBot2,8.0712,JoseZiBot2,8.0308
949,ChampBot2,6.9304,JoseZiBot2,8.1989,StickBot,8.8707
950,ChampBot2,7.4051,JoseZiBot2,8.4187,StickySmartBot,8.1762
951,Strategist,8.846,ChampBot2,6.6897,JoseZiBot2,8.4643
952,ChampBot2,7.6372,JoseZiBot2,7.6213,VeryRandomBot,8.7415
953,RollAgent,8.3392,JoseZiBotDef,7.8727,ChampBot2,7.7881
954,SpongeBot,7.8106,JoseZiBotDef,7.9338,ChampBot2,8.2556
955,SquidBot,7.8323,JoseZiBotDef,7.9739,ChampBot2,8.1938
956,JoseZiBotDef,8.3991,ChampBot2,6.9034,StickBot,8.6975
957,JoseZiBotDef,8.4014,ChampBot2,7.4033,StickySmartBot,8.1953
958,JoseZiBotDef,7.9139,ChampBot2,7.2866,Strategist,8.7995
959,JoseZiBotDef,7.6532,ChampBot2,7.624,VeryRandomBot,8.7228
960,SpongeBot,7.9217,RollAgent,8.0126,ChampBot2,8.0657
961,RollAgent,7.9854,ChampBot2,7.9848,SquidBot,8.0298
962,RollAgent,7.9614,ChampBot2,8.0427,StickBot,7.9959
963,RollAgent,8.0281,ChampBot2,8.0551,StickySmartBot,7.9168
964,RollAgent,7.7712,ChampBot2,7.7449,Strategist,8.4839
965,RollAgent,7.9729,ChampBot2,7.9807,VeryRandomBot,8.0464
966,SpongeBot,7.9945,SquidBot,8.0122,ChampBot2,7.9933
967,SpongeBot,9.1705,ChampBot2,6.0,StickBot,8.8295
968,SpongeBot,7.046,ChampBot2,9.9074,StickySmartBot,7.0466
969,SpongeBot,9.0846,ChampBot2,6.0001,Strategist,8.9153
970,SpongeBot,7.6039,ChampBot2,7.5962,VeryRandomBot,8.7999
971,SquidBot,9.1737,ChampBot2,6.0,StickBot,8.8263
972,SquidBot,7.0484,ChampBot2,9.9032,StickySmartBot,7.0484
973,SquidBot,9.1213,ChampBot2,6.0,Strategist,8.8787
974,SquidBot,8.0457,ChampBot2,7.9674,VeryRandomBot,7.9869
975,ChampBot2,7.398,StickySmartBot,8.196,StickBot,8.406
976,ChampBot2,6.0104,Strategist,8.8674,StickBot,9.1222
977,ChampBot2,7.6661,VeryRandomBot,8.6584,StickBot,7.6755
978,ChampBot2,7.2882,Strategist,8.364,StickySmartBot,8.3478
979,ChampBot2,7.8391,StickySmartBot,7.829,VeryRandomBot,8.3319
980,ChampBot2,7.6714,Strategist,7.6715,VeryRandomBot,8.6571
981,CoordinateBot,9.9986,DickinsonBaldiniBot,6.0026,EABot,7.9988
982,CoordinateBot,6.0,DickinsonBaldiniBot,11.9866,EASquared,6.0134
983,CoordinateBot,8.9979,DickinsonBaldiniBot,6.0044,EASquaredBeater,8.9977
984,CoordinateBot,7.0,DickinsonBaldiniBot,6.0,FollowerBot,11.0
985,CoordinateBot,7.0,FunBot,10.9995,DickinsonBaldiniBot,6.0005
986,CoordinateBot,7.0,DickinsonBaldiniBot,6.0,JoseZiBot2,11.0
987,CoordinateBot,9.08,JoseZiBotDef,5.9335,DickinsonBaldiniBot,8.9865
988,CoordinateBot,6.0006,RollAgent,6.0,DickinsonBaldiniBot,11.9994
989,CoordinateBot,9.0,SpongeBot,9.0,DickinsonBaldiniBot,6.0
990,CoordinateBot,12.0,SquidBot,6.0,DickinsonBaldiniBot,6.0
991,CoordinateBot,9.2681,DickinsonBaldiniBot,8.7313,StickBot,6.0006
992,CoordinateBot,9.1871,DickinsonBaldiniBot,8.251,StickySmartBot,6.5619
993,CoordinateBot,6.9996,DickinsonBaldiniBot,6.0025,Strategist,10.9979
994,CoordinateBot,8.758,DickinsonBaldiniBot,8.7687,VeryRandomBot,6.4733
995,CoordinateBot,6.0,EASquared,6.003,EABot,11.997
996,CoordinateBot,6.0,EABot,12.0,EASquaredBeater,6.0
997,CoordinateBot,10.0,EABot,6.0,FollowerBot,8.0
998,CoordinateBot,8.9975,FunBot,6.6106,EABot,8.3919
999,CoordinateBot,6.999,JoseZiBot2,10.999,EABot,6.002
1000,CoordinateBot,9.6775,JoseZiBotDef,6.1062,EABot,8.2163
1001,CoordinateBot,6.0006,RollAgent,6.0,EABot,11.9994
1002,CoordinateBot,7.0,SpongeBot,11.0,EABot,6.0
1003,CoordinateBot,11.0,SquidBot,7.0,EABot,6.0
1004,CoordinateBot,11.0,EABot,2.0,StickBot,11.0
1005,CoordinateBot,8.6004,EABot,8.4011,StickySmartBot,6.9985
1006,CoordinateBot,11.0,Strategist,2.0,EABot,11.0
1007,CoordinateBot,8.8622,EABot,8.8692,VeryRandomBot,6.2686
1008,CoordinateBot,11.993,EASquared,6.0011,EASquaredBeater,6.0059
1009,CoordinateBot,11.997,EASquared,6.0,FollowerBot,6.003
1010,CoordinateBot,11.9964,FunBot,6.0036,EASquared,6.0
1011,CoordinateBot,8.5546,JoseZiBot2,6.0054,EASquared,9.44
1012,CoordinateBot,8.554,JoseZiBotDef,6.0192,EASquared,9.4268
1013,CoordinateBot,11.9886,RollAgent,6.006,EASquared,6.0054
1014,CoordinateBot,11.997,SpongeBot,6.003,EASquared,6.0
1015,CoordinateBot,11.997,SquidBot,6.003,EASquared,6.0
1016,CoordinateBot,10.9055,EASquared,7.1787,StickBot,5.9158
1017,CoordinateBot,6.6695,EASquared,6.0034,StickySmartBot,11.3271
1018,CoordinateBot,11.9928,Strategist,6.0072,EASquared,6.0
1019,CoordinateBot,8.8725,EASquared,8.894,VeryRandomBot,6.2335
1020,CoordinateBot,6.0,FollowerBot,12.0,EASquaredBeater,6.0
1021,CoordinateBot,6.0003,FunBot,11.9997,EASquaredBeater,6.0
1022,CoordinateBot,6.0003,JoseZiBot2,11.9997,EASquaredBeater,6.0
1023,CoordinateBot,7.9987,JoseZiBotDef,10.0013,EASquaredBeater,6.0
1024,CoordinateBot,6.0,RollAgent,12.0,EASquaredBeater,6.0
1025,CoordinateBot,6.0,SpongeBot,12.0,EASquaredBeater,6.0
1026,CoordinateBot,6.0,SquidBot,12.0,EASquaredBeater,6.0
1027,CoordinateBot,10.9972,StickBot,7.0028,EASquaredBeater,6.0
1028,CoordinateBot,8.4728,StickySmartBot,6.8444,EASquaredBeater,8.6828
1029,CoordinateBot,9.9984,Strategist,8.0016,EASquaredBeater,6.0
1030,CoordinateBot,8.8733,VeryRandomBot,6.2128,EASquaredBeater,8.9139
1031,CoordinateBot,11.5,FunBot,6.0,FollowerBot,6.5
1032,CoordinateBot,9.48,JoseZiBot2,6.0,FollowerBot,8.52
1033,CoordinateBot,9.3478,JoseZiBotDef,6.0012,FollowerBot,8.651
1034,CoordinateBot,6.0006,RollAgent,6.0,FollowerBot,11.9994
1035,CoordinateBot,12.0,SpongeBot,6.0,FollowerBot,6.0
1036,CoordinateBot,12.0,SquidBot,6.0,FollowerBot,6.0
1037,CoordinateBot,9.2712,FollowerBot,8.7288,StickBot,6.0
1038,CoordinateBot,9.0365,StickySmartBot,6.0451,FollowerBot,8.9184
1039,CoordinateBot,7.0,Strategist,6.0,FollowerBot,11.0
1040,CoordinateBot,8.9466,VeryRandomBot,6.1103,FollowerBot,8.9431
1041,CoordinateBot,7.4985,FunBot,6.0565,JoseZiBot2,10.445
1042,CoordinateBot,8.9988,FunBot,6.0007,JoseZiBotDef,9.0005
1043,CoordinateBot,6.0005,FunBot,10.9995,RollAgent,7.0
1044,CoordinateBot,8.5,FunBot,6.0,SpongeBot,9.5
1045,CoordinateBot,8.5,FunBot,6.0,SquidBot,9.5
1046,CoordinateBot,8.8614,FunBot,8.3533,StickBot,6.7853
1047,CoordinateBot,6.1705,FunBot,6.0502,StickySmartBot,11.7793
1048,CoordinateBot,7.0,FunBot,6.0025,Strategist,10.9975
1049,CoordinateBot,8.871,FunBot,8.8882,VeryRandomBot,6.2408
1050,CoordinateBot,8.92,JoseZiBotDef,6.4391,JoseZiBot2,8.6409
1051,CoordinateBot,6.0006,RollAgent,6.0,JoseZiBot2,11.9994
1052,CoordinateBot,9.24,SpongeBot,8.76,JoseZiBot2,6.0
1053,CoordinateBot,8.64,SquidBot,9.36,JoseZiBot2,6.0
1054,CoordinateBot,8.8,JoseZiBot2,5.9197,StickBot,9.2803
1055,CoordinateBot,8.6005,JoseZiBot2,8.4009,StickySmartBot,6.9986
1056,CoordinateBot,6.0,JoseZiBot2,11.0,Strategist,7.0
1057,CoordinateBot,8.8685,JoseZiBot2,8.8696,VeryRandomBot,6.2619
1058,CoordinateBot,6.0005,RollAgent,7.0,JoseZiBotDef,10.9995
1059,CoordinateBot,9.88,SpongeBot,8.12,JoseZiBotDef,6.0
1060,CoordinateBot,9.24,SquidBot,8.76,JoseZiBotDef,6.0
1061,CoordinateBot,9.919,JoseZiBotDef,6.001,StickBot,8.08
1062,CoordinateBot,8.3346,JoseZiBotDef,8.445,StickySmartBot,7.2204
1063,CoordinateBot,8.88,JoseZiBotDef,6.0025,Strategist,9.1175
1064,CoordinateBot,8.8577,JoseZiBotDef,8.8924,VeryRandomBot,6.2499
1065,CoordinateBot,6.0006,RollAgent,6.0,SpongeBot,11.9994
1066,CoordinateBot,6.0006,RollAgent,6.0,SquidBot,11.9994
1067,CoordinateBot,9.9942,RollAgent,6.0089,StickBot,7.9969
1068,CoordinateBot,6.003,RollAgent,6.0016,StickySmartBot,11.9954
1069,CoordinateBot,10.9931,RollAgent,6.0067,Strategist,7.0002
1070,CoordinateBot,8.0204,RollAgent,8.0142,VeryRandomBot,7.9654
1071,CoordinateBot,11.9406,SpongeBot,6.0,SquidBot,6.0594
1072,CoordinateBot,6.0032,SpongeBot,6.0457,StickBot,11.9511
1073,CoordinateBot,8.0304,SpongeBot,7.978,StickySmartBot,7.9916
1074,CoordinateBot,6.0031,SpongeBot,6.0473,Strategist,11.9496
1075,CoordinateBot,8.2773,SpongeBot,8.2312,VeryRandomBot,7.4915
1076,CoordinateBot,6.0003,SquidBot,9.0143,StickBot,8.9854
1077,CoordinateBot,11.9988,SquidBot,6.001,StickySmartBot,6.0002
1078,CoordinateBot,6.0001,SquidBot,10.9967,Strategist,7.0032
1079,CoordinateBot,9.0035,SquidBot,8.996,VeryRandomBot,6.0005
1080,CoordinateBot,8.6,StickySmartBot,7.0001,StickBot,8.3999
1081,CoordinateBot,8.8164,Strategist,9.1811,StickBot,6.0025
1082,CoordinateBot,8.8749,VeryRandomBot,6.2598,StickBot,8.8653
1083,CoordinateBot,8.9985,Strategist,8.999,StickySmartBot,6.0025
1084,CoordinateBot,8.4424,StickySmartBot,8.4419,VeryRandomBot,7.1157
1085,CoordinateBot,8.849,Strategist,8.8825,VeryRandomBot,6.2685
1086,EASquared,8.0,DickinsonBaldiniBot,6.0027,EABot,9.9973
1087,DickinsonBaldiniBot,9.9995,EABot,4.0019,EASquaredBeater,9.9986
1088,DickinsonBaldiniBot,6.0,EABot,11.9994,FollowerBot,6.0006
1089,FunBot,6.5,DickinsonBaldiniBot,11.5,EABot,6.0
1090,DickinsonBaldiniBot,6.9999,EABot,6.9606,JoseZiBot2,10.0395
1091,JoseZiBotDef,5.84,DickinsonBaldiniBot,8.96,EABot,9.2
1092,RollAgent,10.0,DickinsonBaldiniBot,7.0,EABot,7.0
1093,SpongeBot,6.0,DickinsonBaldiniBot,6.0,EABot,12.0
1094,SquidBot,7.9998,DickinsonBaldiniBot,10.0002,EABot,6.0
1095,DickinsonBaldiniBot,7.5009,EABot,7.4988,StickBot,9.0003
1096,DickinsonBaldiniBot,5.9998,EABot,11.9999,StickySmartBot,6.0003
1097,Strategist,9.0,DickinsonBaldiniBot,6.0,EABot,9.0
1098,DickinsonBaldiniBot,9.0042,EABot,8.9952,VeryRandomBot,6.0006
1099,DickinsonBaldiniBot,10.9986,EASquared,6.9998,EASquaredBeater,6.0016
1100,DickinsonBaldiniBot,6.0,EASquared,9.0,FollowerBot,9.0
1101,FunBot,6.03,DickinsonBaldiniBot,10.47,EASquared,7.5
1102,DickinsonBaldiniBot,9.2386,EASquared,8.7606,JoseZiBot2,6.0008
1103,JoseZiBotDef,6.002,DickinsonBaldiniBot,8.679,EASquared,9.319
1104,RollAgent,6.0025,DickinsonBaldiniBot,7.0004,EASquared,10.9971
1105,SpongeBot,6.001,DickinsonBaldiniBot,11.9986,EASquared,6.0004
1106,SquidBot,6.003,DickinsonBaldiniBot,11.997,EASquared,6.0
1107,DickinsonBaldiniBot,6.0006,EASquared,7.0004,StickBot,10.999
1108,DickinsonBaldiniBot,8.9994,EASquared,8.9991,StickySmartBot,6.0015
1109,Strategist,6.0006,DickinsonBaldiniBot,10.9995,EASquared,6.9999
1110,DickinsonBaldiniBot,9.0087,EASquared,8.9908,VeryRandomBot,6.0005
1111,DickinsonBaldiniBot,6.0001,FollowerBot,6.0003,EASquaredBeater,11.9996
1112,FunBot,8.0,DickinsonBaldiniBot,8.0002,EASquaredBeater,7.9998
1113,DickinsonBaldiniBot,6.0016,JoseZiBot2,10.9986,EASquaredBeater,6.9998
1114,JoseZiBotDef,7.7997,DickinsonBaldiniBot,8.1607,EASquaredBeater,8.0396
1115,RollAgent,6.0003,DickinsonBaldiniBot,10.9996,EASquaredBeater,7.0001
1116,SpongeBot,7.5047,DickinsonBaldiniBot,7.5248,EASquaredBeater,8.9705
1117,SquidBot,10.0003,DickinsonBaldiniBot,7.9996,EASquaredBeater,6.0001
1118,DickinsonBaldiniBot,8.8209,StickBot,6.0003,EASquaredBeater,9.1788
1119,DickinsonBaldiniBot,5.9997,StickySmartBot,6.0005,EASquaredBeater,11.9998
1120,DickinsonBaldiniBot,10.0,Strategist,7.9994,EASquaredBeater,6.0006
1121,DickinsonBaldiniBot,8.4054,VeryRandomBot,7.2519,EASquaredBeater,8.3427
1122,FunBot,6.0002,DickinsonBaldiniBot,11.5,FollowerBot,6.4998
1123,DickinsonBaldiniBot,8.64,JoseZiBot2,6.0,FollowerBot,9.36
1124,JoseZiBotDef,8.8398,DickinsonBaldiniBot,6.0007,FollowerBot,9.1595
1125,RollAgent,6.0,DickinsonBaldiniBot,6.0006,FollowerBot,11.9994
1126,SpongeBot,6.0,DickinsonBaldiniBot,12.0,FollowerBot,6.0
1127,SquidBot,7.9998,DickinsonBaldiniBot,8.0004,FollowerBot,7.9998
1128,DickinsonBaldiniBot,8.9905,FollowerBot,9.0055,StickBot,6.004
1129,DickinsonBaldiniBot,8.9997,StickySmartBot,6.0002,FollowerBot,9.0001
1130,DickinsonBaldiniBot,7.9999,Strategist,6.0001,FollowerBot,10.0
1131,DickinsonBaldiniBot,8.9813,VeryRandomBot,6.0015,FollowerBot,9.0172
1132,FunBot,6.1206,DickinsonBaldiniBot,8.9997,JoseZiBot2,8.8797
1133,FunBot,6.8806,JoseZiBotDef,9.4795,DickinsonBaldiniBot,7.6399
1134,FunBot,9.2281,RollAgent,6.5022,DickinsonBaldiniBot,8.2697
1135,FunBot,6.0,SpongeBot,9.5,DickinsonBaldiniBot,8.5
1136,FunBot,9.9999,SquidBot,6.9996,DickinsonBaldiniBot,7.0005
1137,FunBot,6.0,DickinsonBaldiniBot,8.0,StickBot,10.0
1138,FunBot,10.0,DickinsonBaldiniBot,7.0,StickySmartBot,7.0
1139,FunBot,6.0,DickinsonBaldiniBot,7.0,Strategist,11.0
1140,FunBot,8.2689,DickinsonBaldiniBot,8.3075,VeryRandomBot,7.4236
1141,JoseZiBotDef,8.4002,DickinsonBaldiniBot,7.5196,JoseZiBot2,8.0802
1142,RollAgent,4.0016,DickinsonBaldiniBot,10.9988,JoseZiBot2,8.9996
1143,SpongeBot,6.7877,DickinsonBaldiniBot,9.4144,JoseZiBot2,7.7979
1144,SquidBot,8.1606,DickinsonBaldiniBot,9.8388,JoseZiBot2,6.0006
1145,DickinsonBaldiniBot,8.64,JoseZiBot2,5.88,StickBot,9.48
1146,DickinsonBaldiniBot,6.0,JoseZiBot2,12.0,StickySmartBot,6.0
1147,Strategist,8.1597,DickinsonBaldiniBot,9.8397,JoseZiBot2,6.0006
1148,DickinsonBaldiniBot,8.4241,JoseZiBot2,8.3657,VeryRandomBot,7.2102
1149,RollAgent,5.0008,JoseZiBotDef,8.9995,DickinsonBaldiniBot,9.9997
1150,SpongeBot,6.0004,JoseZiBotDef,11.9991,DickinsonBaldiniBot,6.0005
1151,SquidBot,5.9997,JoseZiBotDef,11.9999,DickinsonBaldiniBot,6.0004
1152,JoseZiBotDef,8.4568,DickinsonBaldiniBot,8.7305,StickBot,6.8127
1153,JoseZiBotDef,12.0,DickinsonBaldiniBot,6.0,StickySmartBot,6.0
1154,JoseZiBotDef,10.0,DickinsonBaldiniBot,7.0,Strategist,7.0
1155,JoseZiBotDef,8.9822,DickinsonBaldiniBot,9.0178,VeryRandomBot,6.0
1156,SpongeBot,10.9996,RollAgent,6.0,DickinsonBaldiniBot,7.0004
1157,RollAgent,6.0,DickinsonBaldiniBot,7.0004,SquidBot,10.9996
1158,RollAgent,8.9747,DickinsonBaldiniBot,6.0501,StickBot,8.9752
1159,RollAgent,11.9981,DickinsonBaldiniBot,6.0014,StickySmartBot,6.0005
1160,RollAgent,7.0002,DickinsonBaldiniBot,9.9993,Strategist,7.0005
1161,RollAgent,8.0331,DickinsonBaldiniBot,7.9713,VeryRandomBot,7.9956
1162,SpongeBot,6.0,SquidBot,11.9993,DickinsonBaldiniBot,6.0007
1163,SpongeBot,8.0,DickinsonBaldiniBot,6.0,StickBot,10.0
1164,SpongeBot,7.9994,DickinsonBaldiniBot,7.9995,StickySmartBot,8.0011
1165,SpongeBot,7.505,DickinsonBaldiniBot,7.4851,Strategist,9.0099
1166,SpongeBot,7.456,DickinsonBaldiniBot,7.4026,VeryRandomBot,9.1414
1167,SquidBot,7.0,DickinsonBaldiniBot,6.0003,StickBot,10.9997
1168,SquidBot,7.9998,DickinsonBaldiniBot,7.9995,StickySmartBot,8.0007
1169,SquidBot,9.9998,DickinsonBaldiniBot,5.9999,Strategist,8.0003
1170,SquidBot,7.4207,DickinsonBaldiniBot,7.4773,VeryRandomBot,9.102
1171,DickinsonBaldiniBot,8.5001,StickySmartBot,7.0,StickBot,8.4999
1172,DickinsonBaldiniBot,7.9964,Strategist,5.0161,StickBot,10.9875
1173,DickinsonBaldiniBot,8.4506,VeryRandomBot,7.2052,StickBot,8.3442
1174,DickinsonBaldiniBot,6.0,Strategist,12.0,StickySmartBot,6.0
1175,DickinsonBaldiniBot,6.7877,StickySmartBot,6.8221,VeryRandomBot,10.3902
1176,DickinsonBaldiniBot,8.6974,Strategist,8.7182,VeryRandomBot,6.5844
1177,EASquared,7.9987,EABot,10.0013,EASquaredBeater,6.0
1178,EASquared,8.0,EABot,6.0,FollowerBot,10.0
1179,FunBot,6.0404,EASquared,7.5,EABot,10.4596
1180,EASquared,9.12,JoseZiBot2,5.7609,EABot,9.1191
1181,EASquared,9.238,JoseZiBotDef,6.0,EABot,8.762
1182,EASquared,9.997,EABot,7.9998,RollAgent,6.0032
1183,SpongeBot,6.0025,EASquared,6.0001,EABot,11.9974
1184,EASquared,6.0012,EABot,11.9922,SquidBot,6.0066
1185,EASquared,9.0,EABot,7.0,StickBot,8.0
1186,EASquared,8.9965,EABot,8.9967,StickySmartBot,6.0068
1187,EASquared,11.0,EABot,11.0,Strategist,2.0
1188,EASquared,9.0119,EABot,8.9861,VeryRandomBot,6.002
1189,EABot,6.0,FollowerBot,6.0,EASquaredBeater,12.0
1190,FunBot,8.0003,EABot,7.9997,EASquaredBeater,8.0
1191,JoseZiBot2,9.6792,EABot,6.401,EASquaredBeater,7.9198
1192,JoseZiBotDef,9.0408,EABot,6.4002,EASquaredBeater,8.559
1193,RollAgent,9.0003,EABot,7.9999,EASquaredBeater,6.9998
1194,SpongeBot,11.9997,EABot,6.0002,EASquaredBeater,6.0001
1195,SquidBot,11.9997,EABot,6.0002,EASquaredBeater,6.0001
1196,StickBot,8.8347,EABot,4.3844,EASquaredBeater,10.7809
1197,EABot,8.4998,StickySmartBot,7.0003,EASquaredBeater,8.4999
1198,Strategist,5.9997,EABot,10.0003,EASquaredBeater,8.0
1199,EABot,7.4991,VeryRandomBot,8.9661,EASquaredBeater,7.5348
1200,FunBot,5.9997,EABot,10.0003,FollowerBot,8.0
1201,JoseZiBot2,6.0004,EABot,9.1996,FollowerBot,8.8
1202,JoseZiBotDef,5.9997,EABot,9.8003,FollowerBot,8.2
1203,RollAgent,6.0,EABot,8.0002,FollowerBot,9.9998
1204,SpongeBot,6.0,EABot,12.0,FollowerBot,6.0
1205,SquidBot,6.0,EABot,12.0,FollowerBot,6.0
1206,EABot,8.9975,FollowerBot,9.0022,StickBot,6.0003
1207,EABot,9.0,StickySmartBot,6.0006,FollowerBot,8.9994
1208,Strategist,6.0006,EABot,10.9995,FollowerBot,6.9999
1209,EABot,8.9971,VeryRandomBot,6.0,FollowerBot,9.0029
1210,FunBot,8.5,JoseZiBot2,9.5,EABot,6.0
1211,FunBot,6.8,JoseZiBotDef,8.06,EABot,9.14
1212,FunBot,8.993,RollAgent,8.9581,EABot,6.0489
1213,FunBot,5.9996,SpongeBot,11.5,EABot,6.5004
1214,FunBot,6.0,SquidBot,12.0,EABot,6.0
1215,FunBot,8.6866,EABot,8.8084,StickBot,6.505
1216,FunBot,7.0003,EABot,7.0025,StickySmartBot,9.9972
1217,FunBot,12.0,Strategist,6.0,EABot,6.0
1218,FunBot,6.1714,EABot,6.1725,VeryRandomBot,11.6561
1219,JoseZiBotDef,8.4,JoseZiBot2,7.28,EABot,8.32
1220,RollAgent,6.0,JoseZiBot2,9.9998,EABot,8.0002
1221,SpongeBot,6.4808,JoseZiBot2,10.5548,EABot,6.9644
1222,SquidBot,9.3596,JoseZiBot2,6.0005,EABot,8.6399
1223,JoseZiBot2,8.6047,EABot,9.2353,StickBot,6.16
1224,JoseZiBot2,7.7597,EABot,7.7603,StickySmartBot,8.48
1225,Strategist,10.0,JoseZiBot2,8.52,EABot,5.48
1226,JoseZiBot2,8.2201,EABot,8.2099,VeryRandomBot,7.57
1227,RollAgent,11.0,JoseZiBotDef,10.9991,EABot,2.0009
1228,SpongeBot,6.0099,JoseZiBotDef,11.035,EABot,6.9551
1229,SquidBot,8.92,JoseZiBotDef,6.0003,EABot,9.0797
1230,JoseZiBotDef,10.9809,EABot,2.0356,StickBot,10.9835
1231,JoseZiBotDef,8.3799,EABot,8.3801,StickySmartBot,7.24
1232,Strategist,7.8,JoseZiBotDef,6.56,EABot,9.64
1233,JoseZiBotDef,8.8435,EABot,8.8209,VeryRandomBot,6.3356
1234,SpongeBot,8.0002,RollAgent,6.0,EABot,9.9998
1235,RollAgent,6.0,EABot,9.9998,SquidBot,8.0002
1236,RollAgent,7.0,EABot,7.0003,StickBot,9.9997
1237,RollAgent,6.0004,EABot,8.0002,StickySmartBot,9.9994
1238,RollAgent,12.0,EABot,6.0,Strategist,6.0
1239,RollAgent,8.0124,EABot,7.9709,VeryRandomBot,8.0167
1240,SpongeBot,6.0,SquidBot,11.9989,EABot,6.0011
1241,SpongeBot,10.0035,EABot,6.0007,StickBot,7.9958
1242,SpongeBot,7.0004,EABot,9.9998,StickySmartBot,6.9998
1243,SpongeBot,6.02,Strategist,11.9801,EABot,5.9999
1244,SpongeBot,7.9884,EABot,7.9945,VeryRandomBot,8.0171
1245,SquidBot,9.0,EABot,6.0002,StickBot,8.9998
1246,SquidBot,6.0,EABot,8.5,StickySmartBot,9.5
1247,SquidBot,8.0,EABot,6.0001,Strategist,9.9999
1248,SquidBot,8.0065,EABot,8.0054,VeryRandomBot,7.9881
1249,EABot,5.9998,StickySmartBot,10.0,StickBot,8.0002
1250,Strategist,3.0138,EABot,10.0022,StickBot,10.984
1251,EABot,8.2306,VeryRandomBot,7.5039,StickBot,8.2655
1252,Strategist,9.0,EABot,9.0,StickySmartBot,6.0
1253,EABot,8.2332,StickySmartBot,8.2556,VeryRandomBot,7.5112
1254,Strategist,7.654,EABot,7.6516,VeryRandomBot,8.6944
1255,EASquared,6.0,FollowerBot,12.0,EASquaredBeater,6.0
1256,FunBot,11.9997,EASquared,6.0003,EASquaredBeater,6.0
1257,JoseZiBot2,10.8818,EASquared,7.1176,EASquaredBeater,6.0006
1258,JoseZiBotDef,12.0,EASquared,6.0,EASquaredBeater,6.0
1259,RollAgent,12.0,EASquared,6.0,EASquaredBeater,6.0
1260,SpongeBot,12.0,EASquared,6.0,EASquaredBeater,6.0
1261,SquidBot,12.0,EASquared,6.0,EASquaredBeater,6.0
1262,StickBot,9.0012,EASquared,8.9988,EASquaredBeater,6.0
1263,EASquared,6.0,StickySmartBot,12.0,EASquaredBeater,6.0
1264,Strategist,8.0016,EASquared,9.9984,EASquaredBeater,6.0
1265,EASquared,8.603,VeryRandomBot,6.781,EASquaredBeater,8.616
1266,FunBot,6.0,EASquared,11.5,FollowerBot,6.5
1267,JoseZiBot2,6.0006,EASquared,9.7188,FollowerBot,8.2806
1268,JoseZiBotDef,6.0006,EASquared,9.3988,FollowerBot,8.6006
1269,RollAgent,6.0006,EASquared,11.9964,FollowerBot,6.003
1270,SpongeBot,6.0,EASquared,12.0,FollowerBot,6.0
1271,SquidBot,6.0,EASquared,12.0,FollowerBot,6.0
1272,EASquared,9.2743,FollowerBot,8.7257,StickBot,6.0
1273,EASquared,8.667,StickySmartBot,6.6664,FollowerBot,8.6666
1274,Strategist,6.0,EASquared,7.0,FollowerBot,11.0
1275,EASquared,8.8735,VeryRandomBot,6.28,FollowerBot,8.8465
1276,FunBot,6.0025,JoseZiBot2,11.9975,EASquared,6.0
1277,FunBot,6.0101,JoseZiBotDef,9.9899,EASquared,8.0
1278,FunBot,9.4717,RollAgent,6.0484,EASquared,8.4799
1279,FunBot,6.0,SpongeBot,9.5,EASquared,8.5
1280,FunBot,6.0,SquidBot,9.5,EASquared,8.5
1281,FunBot,6.003,EASquared,6.4995,StickBot,11.4975
1282,FunBot,6.0014,EASquared,6.0013,StickySmartBot,11.9973
1283,FunBot,6.0025,Strategist,10.9975,EASquared,7.0
1284,FunBot,8.7345,EASquared,8.7138,VeryRandomBot,6.5517
1285,JoseZiBotDef,8.0377,JoseZiBot2,7.1623,EASquared,8.8
1286,RollAgent,6.0023,JoseZiBot2,10.9976,EASquared,7.0001
1287,SpongeBot,9.24,JoseZiBot2,6.0,EASquared,8.76
1288,SquidBot,9.24,JoseZiBot2,6.0,EASquared,8.76
1289,JoseZiBot2,8.3996,EASquared,8.6004,StickBot,7.0
1290,JoseZiBot2,6.0126,EASquared,6.492,StickySmartBot,11.4954
1291,Strategist,4.0,JoseZiBot2,11.0,EASquared,9.0
1292,JoseZiBot2,8.7129,EASquared,8.7455,VeryRandomBot,6.5416
1293,RollAgent,6.0023,JoseZiBotDef,10.9976,EASquared,7.0001
1294,SpongeBot,8.96,JoseZiBotDef,6.0,EASquared,9.04
1295,SquidBot,9.44,JoseZiBotDef,6.0,EASquared,8.56
1296,JoseZiBotDef,6.001,EASquared,9.319,StickBot,8.68
1297,JoseZiBotDef,6.0121,EASquared,6.0113,StickySmartBot,11.9766
1298,Strategist,9.5175,JoseZiBotDef,6.0025,EASquared,8.48
1299,JoseZiBotDef,8.7243,EASquared,8.7285,VeryRandomBot,6.5472
1300,SpongeBot,11.9994,RollAgent,6.0,EASquared,6.0006
1301,RollAgent,6.0,EASquared,6.0006,SquidBot,11.9994
1302,RollAgent,6.0005,EASquared,6.9999,StickBot,10.9996
1303,RollAgent,6.0006,EASquared,8.0001,StickySmartBot,9.9993
1304,RollAgent,6.0025,EASquared,10.9971,Strategist,7.0004
1305,RollAgent,8.0912,EASquared,8.0863,VeryRandomBot,7.8225
1306,SpongeBot,6.0,SquidBot,6.0594,EASquared,11.9406
1307,SpongeBot,6.001,EASquared,6.0004,StickBot,11.9986
1308,SpongeBot,6.0015,EASquared,11.997,StickySmartBot,6.0015
1309,SpongeBot,6.0025,Strategist,11.9974,EASquared,6.0001
1310,SpongeBot,9.0191,EASquared,8.958,VeryRandomBot,6.0229
1311,SquidBot,6.0005,EASquared,6.0005,StickBot,11.999
1312,SquidBot,6.0009,EASquared,11.9989,StickySmartBot,6.0002
1313,SquidBot,6.0025,EASquared,6.0001,Strategist,11.9974
1314,SquidBot,8.9857,EASquared,9.0129,VeryRandomBot,6.0014
1315,EASquared,7.5416,StickySmartBot,10.8193,StickBot,5.6391
1316,Strategist,9.1845,EASquared,8.813,StickBot,6.0025
1317,EASquared,8.7118,VeryRandomBot,6.5524,StickBot,8.7358
1318,Strategist,8.9982,EASquared,8.9988,StickySmartBot,6.003
1319,EASquared,8.493,StickySmartBot,8.5127,VeryRandomBot,6.9943
1320,Strategist,8.7265,EASquared,8.7092,VeryRandomBot,6.5643
1321,FunBot,6.0001,FollowerBot,6.0003,EASquaredBeater,11.9996
1322,JoseZiBot2,5.9999,FollowerBot,9.7997,EASquaredBeater,8.2004
1323,JoseZiBotDef,6.0001,FollowerBot,9.8003,EASquaredBeater,8.1996
1324,RollAgent,6.0,FollowerBot,11.9994,EASquaredBeater,6.0006
1325,SpongeBot,6.0,FollowerBot,6.0,EASquaredBeater,12.0
1326,SquidBot,6.0,FollowerBot,6.0,EASquaredBeater,12.0
1327,StickBot,5.9999,FollowerBot,8.8209,EASquaredBeater,9.1792
1328,StickySmartBot,6.0,FollowerBot,9.0002,EASquaredBeater,8.9998
1329,Strategist,6.0001,FollowerBot,10.0003,EASquaredBeater,7.9996
1330,VeryRandomBot,6.0,FollowerBot,8.9597,EASquaredBeater,9.0403
1331,FunBot,7.0003,JoseZiBot2,8.4997,EASquaredBeater,8.5
1332,FunBot,7.0003,JoseZiBotDef,8.4997,EASquaredBeater,8.5
1333,FunBot,7.9887,RollAgent,8.5035,EASquaredBeater,7.5078
1334,FunBot,8.2393,SpongeBot,5.6626,EASquaredBeater,10.0981
1335,FunBot,6.0001,SquidBot,9.0003,EASquaredBeater,8.9996
1336,FunBot,6.0299,StickBot,8.4962,EASquaredBeater,9.4739
1337,FunBot,7.5358,StickySmartBot,8.8097,EASquaredBeater,7.6545
1338,FunBot,10.0003,Strategist,6.9997,EASquaredBeater,7.0
1339,FunBot,8.4513,VeryRandomBot,7.0926,EASquaredBeater,8.4561
1340,JoseZiBotDef,7.9212,JoseZiBot2,6.8395,EASquaredBeater,9.2393
1341,RollAgent,8.6983,JoseZiBot2,7.902,EASquaredBeater,7.3997
1342,SpongeBot,7.0403,JoseZiBot2,6.0806,EASquaredBeater,10.8791
1343,SquidBot,9.6784,JoseZiBot2,6.0004,EASquaredBeater,8.3212
1344,JoseZiBot2,8.3207,StickBot,6.6169,EASquaredBeater,9.0624
1345,JoseZiBot2,10.6791,StickySmartBot,7.2397,EASquaredBeater,6.0812
1346,JoseZiBot2,9.4423,Strategist,6.4001,EASquaredBeater,8.1576
1347,JoseZiBot2,9.0023,VeryRandomBot,5.9999,EASquaredBeater,8.9978
1348,RollAgent,6.0004,JoseZiBotDef,10.9996,EASquaredBeater,7.0
1349,SpongeBot,7.0327,JoseZiBotDef,7.7612,EASquaredBeater,9.2061
1350,SquidBot,9.2397,JoseZiBotDef,5.9999,EASquaredBeater,8.7604
1351,JoseZiBotDef,6.4575,StickBot,7.9279,EASquaredBeater,9.6146
1352,JoseZiBotDef,8.5002,StickySmartBot,6.9998,EASquaredBeater,8.5
1353,JoseZiBotDef,10.0003,Strategist,4.9997,EASquaredBeater,9.0
1354,JoseZiBotDef,8.3875,VeryRandomBot,7.1766,EASquaredBeater,8.4359
1355,SpongeBot,11.9994,RollAgent,6.0,EASquaredBeater,6.0006
1356,RollAgent,6.0,SquidBot,11.9994,EASquaredBeater,6.0006
1357,RollAgent,9.0003,StickBot,7.9999,EASquaredBeater,6.9998
1358,RollAgent,6.0005,StickySmartBot,9.4994,EASquaredBeater,8.5001
1359,RollAgent,10.0003,Strategist,7.0,EASquaredBeater,6.9997
1360,RollAgent,8.0035,VeryRandomBot,7.9608,EASquaredBeater,8.0357
1361,SpongeBot,6.0,SquidBot,6.0595,EASquaredBeater,11.9405
1362,SpongeBot,7.1264,StickBot,7.001,EASquaredBeater,9.8726
1363,SpongeBot,8.9702,StickySmartBot,6.0394,EASquaredBeater,8.9904
1364,SpongeBot,5.8423,Strategist,11.1676,EASquaredBeater,6.9901
1365,SpongeBot,7.935,VeryRandomBot,8.1317,EASquaredBeater,7.9333
1366,SquidBot,9.0003,StickBot,8.9995,EASquaredBeater,6.0002
1367,SquidBot,7.001,StickySmartBot,7.0003,EASquaredBeater,9.9987
1368,SquidBot,10.0003,Strategist,7.9996,EASquaredBeater,6.0001
1369,SquidBot,7.8312,VeryRandomBot,8.3537,EASquaredBeater,7.8151
1370,StickBot,8.9894,StickySmartBot,6.0251,EASquaredBeater,8.9855
1371,StickBot,9.9534,Strategist,5.0607,EASquaredBeater,8.9859
1372,StickBot,8.7522,VeryRandomBot,6.4874,EASquaredBeater,8.7604
1373,Strategist,6.9997,StickySmartBot,10.0003,EASquaredBeater,7.0
1374,VeryRandomBot,7.7612,StickySmartBot,8.1014,EASquaredBeater,8.1374
1375,Strategist,7.9879,VeryRandomBot,7.9552,EASquaredBeater,8.0569
1376,FunBot,5.9998,JoseZiBot2,10.5002,FollowerBot,7.5
1377,FunBot,5.9997,JoseZiBotDef,10.0003,FollowerBot,8.0
1378,FunBot,9.4795,RollAgent,6.05,FollowerBot,8.4705
1379,FunBot,6.0013,SpongeBot,6.0654,FollowerBot,11.9333
1380,FunBot,6.0049,SquidBot,6.0036,FollowerBot,11.9915
1381,FunBot,5.9999,FollowerBot,7.0,StickBot,11.0001
1382,FunBot,8.9496,StickySmartBot,6.1013,FollowerBot,8.9491
1383,FunBot,5.9999,Strategist,11.0001,FollowerBot,7.0
1384,FunBot,8.9533,VeryRandomBot,6.0768,FollowerBot,8.9699
1385,JoseZiBotDef,10.3592,JoseZiBot2,6.0009,FollowerBot,7.6399
1386,RollAgent,6.0002,JoseZiBot2,11.999,FollowerBot,6.0008
1387,SpongeBot,6.0041,JoseZiBot2,6.0044,FollowerBot,11.9915
1388,SquidBot,6.004,JoseZiBot2,6.0053,FollowerBot,11.9907
1389,JoseZiBot2,6.0002,FollowerBot,9.2,StickBot,8.7998
1390,JoseZiBot2,9.0004,StickySmartBot,5.9996,FollowerBot,9.0
1391,JoseZiBot2,5.9999,Strategist,8.1601,FollowerBot,9.84
1392,JoseZiBot2,8.9969,VeryRandomBot,6.0003,FollowerBot,9.0028
1393,RollAgent,6.0,JoseZiBotDef,10.0,FollowerBot,8.0
1394,SpongeBot,6.0042,JoseZiBotDef,6.002,FollowerBot,11.9938
1395,SquidBot,6.0029,JoseZiBotDef,6.0035,FollowerBot,11.9936
1396,JoseZiBotDef,6.0002,FollowerBot,8.52,StickBot,9.4798
1397,JoseZiBotDef,9.0004,StickySmartBot,5.9995,FollowerBot,9.0001
1398,JoseZiBotDef,5.9999,Strategist,8.5201,FollowerBot,9.48
1399,JoseZiBotDef,8.9848,VeryRandomBot,5.9996,FollowerBot,9.0156
1400,SpongeBot,8.2856,RollAgent,8.2856,FollowerBot,7.4288
1401,RollAgent,8.2856,FollowerBot,7.4288,SquidBot,8.2856
1402,RollAgent,6.0,FollowerBot,7.0184,StickBot,10.9816
1403,RollAgent,8.501,StickySmartBot,7.0006,FollowerBot,8.4984
1404,RollAgent,6.0,Strategist,7.0004,FollowerBot,10.9996
1405,RollAgent,8.0502,VeryRandomBot,7.98,FollowerBot,7.9698
1406,SpongeBot,8.0,SquidBot,8.0,FollowerBot,8.0
1407,SpongeBot,6.0,FollowerBot,6.0,StickBot,12.0
1408,SpongeBot,6.0,StickySmartBot,12.0,FollowerBot,6.0
1409,SpongeBot,6.0,Strategist,12.0,FollowerBot,6.0
1410,SpongeBot,6.1986,VeryRandomBot,11.6106,FollowerBot,6.1908
1411,SquidBot,6.0,FollowerBot,6.0,StickBot,12.0
1412,SquidBot,6.0,StickySmartBot,12.0,FollowerBot,6.0
1413,SquidBot,6.0,Strategist,12.0,FollowerBot,6.0
1414,SquidBot,6.1678,VeryRandomBot,11.6644,FollowerBot,6.1678
1415,StickySmartBot,6.0,FollowerBot,9.0001,StickBot,8.9999
1416,Strategist,9.1723,FollowerBot,8.8246,StickBot,6.0031
1417,VeryRandomBot,6.0009,FollowerBot,8.9754,StickBot,9.0237
1418,Strategist,8.9999,StickySmartBot,6.0001,FollowerBot,9.0
1419,StickySmartBot,6.8821,FollowerBot,6.8368,VeryRandomBot,10.2811
1420,Strategist,9.0452,VeryRandomBot,6.0,FollowerBot,8.9548
1421,FunBot,7.0,JoseZiBotDef,8.0,JoseZiBot2,9.0
1422,FunBot,10.0,RollAgent,5.0,JoseZiBot2,9.0
1423,FunBot,8.3146,SpongeBot,9.1965,JoseZiBot2,6.4889
1424,FunBot,8.8834,SquidBot,9.0889,JoseZiBot2,6.0277
1425,FunBot,6.12,JoseZiBot2,8.88,StickBot,9.0
1426,FunBot,9.0,JoseZiBot2,9.0,StickySmartBot,6.0
1427,FunBot,9.0,JoseZiBot2,8.5,Strategist,6.5
1428,FunBot,8.3997,JoseZiBot2,8.4896,VeryRandomBot,7.1107
1429,FunBot,7.4103,RollAgent,8.505,JoseZiBotDef,8.0847
1430,FunBot,9.0493,SpongeBot,6.0196,JoseZiBotDef,8.9311
1431,FunBot,8.9706,SquidBot,8.9712,JoseZiBotDef,6.0582
1432,FunBot,6.4,JoseZiBotDef,8.18,StickBot,9.42
1433,FunBot,8.0004,JoseZiBotDef,7.9996,StickySmartBot,8.0
1434,FunBot,10.0,JoseZiBotDef,8.0,Strategist,6.0
1435,FunBot,8.6342,JoseZiBotDef,8.6299,VeryRandomBot,6.7359
1436,FunBot,7.4966,RollAgent,8.255,SpongeBot,8.2484
1437,FunBot,9.4794,RollAgent,6.05,SquidBot,8.4706
1438,FunBot,6.2611,RollAgent,6.1546,StickBot,11.5843
1439,FunBot,7.8696,RollAgent,8.1929,StickySmartBot,7.9375
1440,FunBot,8.993,RollAgent,8.9581,Strategist,6.0489
1441,FunBot,8.0437,RollAgent,7.9972,VeryRandomBot,7.9591
1442,FunBot,6.0011,SpongeBot,6.0654,SquidBot,11.9335
1443,FunBot,6.0096,SpongeBot,6.1382,StickBot,11.8522
1444,FunBot,6.0051,SpongeBot,6.0654,StickySmartBot,11.9295
1445,FunBot,6.0029,SpongeBot,6.0224,Strategist,11.9747
1446,FunBot,7.5474,SpongeBot,7.5372,VeryRandomBot,8.9154
1447,FunBot,6.0002,SquidBot,9.4998,StickBot,8.5
1448,FunBot,9.9599,SquidBot,7.0006,StickySmartBot,7.0395
1449,FunBot,5.9999,SquidBot,10.0,Strategist,8.0001
1450,FunBot,8.0334,SquidBot,7.9821,VeryRandomBot,7.9845
1451,FunBot,8.9996,StickySmartBot,6.0,StickBot,9.0004
1452,FunBot,8.0093,Strategist,7.0231,StickBot,8.9676
1453,FunBot,8.8267,VeryRandomBot,6.3326,StickBot,8.8407
1454,FunBot,7.9993,Strategist,7.9995,StickySmartBot,8.0012
1455,FunBot,8.3232,StickySmartBot,8.3419,VeryRandomBot,7.3349
1456,FunBot,8.8087,Strategist,8.8477,VeryRandomBot,6.3436
1457,RollAgent,6.3215,JoseZiBotDef,11.3556,JoseZiBot2,6.3229
1458,SpongeBot,6.8303,JoseZiBotDef,6.8683,JoseZiBot2,10.3014
1459,SquidBot,8.68,JoseZiBotDef,6.0008,JoseZiBot2,9.3192
1460,JoseZiBotDef,8.9132,JoseZiBot2,8.9933,StickBot,6.0935
1461,JoseZiBotDef,8.4,JoseZiBot2,8.4004,StickySmartBot,7.1996
1462,JoseZiBotDef,8.0,JoseZiBot2,10.0,Strategist,6.0
1463,JoseZiBotDef,8.9274,JoseZiBot2,8.9059,VeryRandomBot,6.1667
1464,SpongeBot,8.0002,RollAgent,6.0,JoseZiBot2,9.9998
1465,RollAgent,6.0,JoseZiBot2,9.0,SquidBot,9.0
1466,RollAgent,6.56,JoseZiBot2,9.4398,StickBot,8.0002
1467,RollAgent,7.5998,JoseZiBot2,8.4002,StickySmartBot,8.0
1468,RollAgent,10.0,JoseZiBot2,8.9996,Strategist,5.0004
1469,RollAgent,7.9982,JoseZiBot2,8.0289,VeryRandomBot,7.9729
1470,SpongeBot,6.0043,SquidBot,11.9942,JoseZiBot2,6.0015
1471,SpongeBot,7.1998,JoseZiBot2,9.7602,StickBot,7.04
1472,SpongeBot,6.1026,JoseZiBot2,6.3243,StickySmartBot,11.5731
1473,SpongeBot,6.438,JoseZiBot2,10.1588,Strategist,7.4032
1474,SpongeBot,8.2743,JoseZiBot2,8.2945,VeryRandomBot,7.4312
1475,SquidBot,8.8397,JoseZiBot2,6.0006,StickBot,9.1597
1476,SquidBot,6.0,JoseZiBot2,12.0,StickySmartBot,6.0
1477,SquidBot,8.52,JoseZiBot2,6.0001,Strategist,9.4799
1478,SquidBot,8.0178,JoseZiBot2,7.9915,VeryRandomBot,7.9907
1479,JoseZiBot2,8.5003,StickySmartBot,6.9998,StickBot,8.4999
1480,JoseZiBot2,6.0,Strategist,8.88,StickBot,9.12
1481,JoseZiBot2,8.9028,VeryRandomBot,6.1908,StickBot,8.9064
1482,JoseZiBot2,8.3003,Strategist,8.2999,StickySmartBot,7.3998
1483,JoseZiBot2,8.3818,StickySmartBot,8.3412,VeryRandomBot,7.277
1484,JoseZiBot2,8.7173,Strategist,8.6269,VeryRandomBot,6.6558
1485,SpongeBot,9.0,RollAgent,6.0,JoseZiBotDef,9.0
1486,RollAgent,6.0,JoseZiBotDef,10.9996,SquidBot,7.0004
1487,RollAgent,6.0,JoseZiBotDef,9.0,StickBot,9.0
1488,RollAgent,7.9998,JoseZiBotDef,7.9999,StickySmartBot,8.0003
1489,RollAgent,6.0,JoseZiBotDef,10.9996,Strategist,7.0004
1490,RollAgent,8.0196,JoseZiBotDef,7.9972,VeryRandomBot,7.9832
1491,SpongeBot,6.0037,SquidBot,11.9933,JoseZiBotDef,6.003
1492,SpongeBot,8.517,JoseZiBotDef,9.084,StickBot,6.399
1493,SpongeBot,6.69,JoseZiBotDef,8.095,StickySmartBot,9.215
1494,SpongeBot,6.4193,JoseZiBotDef,7.2812,Strategist,10.2995
1495,SpongeBot,7.9591,JoseZiBotDef,7.978,VeryRandomBot,8.0629
1496,SquidBot,9.56,JoseZiBotDef,6.0003,StickBot,8.4397
1497,SquidBot,6.0,JoseZiBotDef,8.5,StickySmartBot,9.5
1498,SquidBot,9.36,JoseZiBotDef,6.0001,Strategist,8.6399
1499,SquidBot,7.9895,JoseZiBotDef,8.0459,VeryRandomBot,7.9646
1500,JoseZiBotDef,8.9915,StickySmartBot,6.0176,StickBot,8.9909
1501,JoseZiBotDef,9.0,Strategist,7.0,StickBot,8.0
1502,JoseZiBotDef,8.903,VeryRandomBot,6.1525,StickBot,8.9445
1503,JoseZiBotDef,7.7999,Strategist,7.8001,StickySmartBot,8.4
1504,JoseZiBotDef,8.3591,StickySmartBot,8.36,VeryRandomBot,7.2809
1505,JoseZiBotDef,8.5076,Strategist,8.6117,VeryRandomBot,6.8807
1506,SpongeBot,8.2856,RollAgent,8.2856,SquidBot,7.4288
1507,SpongeBot,7.997,RollAgent,7.9804,StickBot,8.0226
1508,SpongeBot,6.001,RollAgent,8.0002,StickySmartBot,9.9988
1509,SpongeBot,10.9996,RollAgent,6.0,Strategist,7.0004
1510,SpongeBot,8.0129,RollAgent,7.9603,VeryRandomBot,8.0268
1511,RollAgent,6.0,StickBot,9.0,SquidBot,9.0
1512,RollAgent,11.9988,StickySmartBot,6.0006,SquidBot,6.0006
1513,RollAgent,6.0,Strategist,7.0004,SquidBot,10.9996
1514,RollAgent,7.9865,VeryRandomBot,8.008,SquidBot,8.0055
1515,RollAgent,8.5001,StickySmartBot,7.9288,StickBot,7.5711
1516,RollAgent,6.0,Strategist,7.0004,StickBot,10.9996
1517,RollAgent,8.0118,VeryRandomBot,7.9826,StickBot,8.0056
1518,RollAgent,7.428,Strategist,7.9293,StickySmartBot,8.6427
1519,RollAgent,7.96,StickySmartBot,7.9079,VeryRandomBot,8.1321
1520,RollAgent,7.992,Strategist,8.0384,VeryRandomBot,7.9696
1521,SpongeBot,7.0788,SquidBot,10.903,StickBot,6.0182
1522,SpongeBot,8.0,SquidBot,8.0002,StickySmartBot,7.9998
1523,SpongeBot,6.0,SquidBot,11.9993,Strategist,6.0007
1524,SpongeBot,8.2862,SquidBot,8.2559,VeryRandomBot,7.4579
1525,SpongeBot,8.9998,StickySmartBot,6.0,StickBot,9.0002
1526,SpongeBot,7.1829,Strategist,9.8164,StickBot,7.0007
1527,SpongeBot,9.0286,VeryRandomBot,6.0003,StickBot,8.9711
1528,SpongeBot,7.2375,Strategist,7.7577,StickySmartBot,9.0048
1529,SpongeBot,8.5947,StickySmartBot,8.6801,VeryRandomBot,6.7252
1530,SpongeBot,7.7952,Strategist,7.8197,VeryRandomBot,8.3851
1531,SquidBot,8.9991,StickySmartBot,6.0005,StickBot,9.0004
1532,SquidBot,9.0,Strategist,6.0004,StickBot,8.9996
1533,SquidBot,8.9948,VeryRandomBot,6.0005,StickBot,9.0047
1534,SquidBot,6.0006,Strategist,8.4995,StickySmartBot,9.4999
1535,SquidBot,6.1757,StickySmartBot,6.1752,VeryRandomBot,11.6491
1536,SquidBot,9.0208,Strategist,8.9792,VeryRandomBot,6.0
1537,Strategist,8.5001,StickySmartBot,6.9999,StickBot,8.5
1538,VeryRandomBot,7.2265,StickySmartBot,8.3547,StickBot,8.4188
1539,Strategist,9.0017,VeryRandomBot,6.0,StickBot,8.9983
1540,Strategist,8.3383,StickySmartBot,8.4026,VeryRandomBot,7.2591
